PRAGMA foreign_keys = ON;

INSERT INTO Content (contentID, name, parentalRating, poster, plot) VALUES ("4574334", "Stranger Things", "TV-14", "https://m.media-amazon.com/images/M/MV5BN2ZmYjg1YmItNWQ4OC00YWM0LWE0ZDktYThjOTZiZjhhN2Q2XkEyXkFqcGdeQXVyNjgxNTQ3Mjk@._V1_SX300.jpg", "In a small town where everyone knows everyone, a peculiar incident starts a chain of events that leads to the disappearance of a child, which begins to tear at the fabric of an otherwise peaceful community. Dark government agencies and seemingly malevolent supernatural forces converge on the town, while a few of the locals begin to understand that there''s more going on than meets the eye.");
INSERT INTO Content (contentID, name, parentalRating, poster, plot) VALUES ("9140554", "Loki", "TV-14", "https://m.media-amazon.com/images/M/MV5BNTkwOTE1ZDYtODQ3Yy00YTYwLTg0YWQtYmVkNmFjNGZlYmRiXkEyXkFqcGdeQXVyNTc4MjczMTM@._V1_SX300.jpg", "The mercurial villain Loki resumes his role as the God of Mischief in a new series that takes place after the events of “Avengers: Endgame.”");
INSERT INTO Content (contentID, name, parentalRating, poster, plot) VALUES ("0903747", "Breaking Bad", "TV-MA", "https://m.media-amazon.com/images/M/MV5BMjhiMzgxZTctNDc1Ni00OTIxLTlhMTYtZTA3ZWFkODRkNmE2XkEyXkFqcGdeQXVyNzkwMjQ5NzM@._V1_SX300.jpg", "When chemistry teacher Walter White is diagnosed with Stage III cancer and given only two years to live, he decides he has nothing to lose. He lives with his teenage son, who has cerebral palsy, and his wife, in New Mexico. Determined to ensure that his family will have a secure future, Walt embarks on a career of drugs and crime. He proves to be remarkably proficient in this new world as he begins manufacturing and selling methamphetamine with one of his former students. The series tracks the impacts of a fatal diagnosis on a regular, hard working man, and explores how a fatal diagnosis affects his morality and transforms him into a major player of the drug trade.");
INSERT INTO Content (contentID, name, parentalRating, poster, plot) VALUES ("0944947", "Game of Thrones", "TV-MA", "https://m.media-amazon.com/images/M/MV5BYTRiNDQwYzAtMzVlZS00NTI5LWJjYjUtMzkwNTUzMWMxZTllXkEyXkFqcGdeQXVyNDIzMzcwNjc@._V1_SX300.jpg", "In the mythical continent of Westeros, several powerful families fight for control of the Seven Kingdoms. As conflict erupts in the kingdoms of men, an ancient enemy rises once again to threaten them all. Meanwhile, the last heirs of a recently usurped dynasty plot to take back their homeland from across the Narrow Sea.");
INSERT INTO Content (contentID, name, parentalRating, poster, plot) VALUES ("1442437", "Modern Family", "TV-PG", "https://m.media-amazon.com/images/M/MV5BNzRhNWIxYTEtYjc2NS00YWFlLWFhOGEtMDZiMWM1M2RkNDkyXkEyXkFqcGdeQXVyNjc0MjkzNjc@._V1_SX300.jpg", "Told from the perspective of an unseen documentary filmmaker, the series offers an honest, often-hilarious perspective of family life. Parents Phil and Claire yearn for an honest, open relationship with their three kids, but a daughter who is trying to grow up too fast, another who is too smart for her own good, and a rambunctious young son make it challenging. Claire''s dad Jay and his Latina wife Gloria are raising two sons together, but people sometimes believe Jay to be Gloria''s father. Jay''s gay son Mitchell and his partner Cameron have adopted a little Asian girl, completing one big -- straight, gay, multicultural, traditional -- happy family.");
INSERT INTO Content (contentID, name, parentalRating, poster, plot) VALUES ("0112159", "Neon Genesis Evangelion", "TV-MA", "https://m.media-amazon.com/images/M/MV5BYjY1Y2ZmNDctZWQ3Yy00MTE3LTk2M2QtMjQ0MDA5ODVjMDEyXkEyXkFqcGdeQXVyNTA4NzY1MzY@._V1_SX300.jpg", "When the Angels start attacking the planet Earth in the year 2015, only a handful of 14-year-old EVA pilots are able to stop them. Young Shinji Ikari suddenly finds himself forced to pilot EVA-01, a giant organic mecha, designed and constructed by NERV, that is the only thing that can stop the Angels.");
INSERT INTO Content (contentID, name, parentalRating, poster, plot) VALUES ("7335184", "You", "TV-MA", "https://m.media-amazon.com/images/M/MV5BMzkzOGFiY2EtZDcyZi00OWNhLThhNmYtYjQ3ODljMTM5ZDBkXkEyXkFqcGdeQXVyMTkxNjUyNQ@@._V1_SX300.jpg", "Based on Caroline Kepnes'' best-selling novel of the same name, YOU is a 21st century love story that asks, ""What would you do for love?"" When a brilliant bookstore manager crosses paths with an aspiring writer, his answer becomes clear: anything. Using the internet and social media as his tools to gather the most intimate of details and get close to her, a charming and awkward crush quickly becomes obsession as he quietly and strategically removes every obstacle - and person - in his way.");
INSERT INTO Content (contentID, name, parentalRating, poster, plot) VALUES ("0081846", "Cosmos", "TV-PG", "https://m.media-amazon.com/images/M/MV5BMTY4MGQyNjgtMzdmZS00MjQ5LWIyMzItYjYyZmQzNjVhYjMyXkEyXkFqcGdeQXVyNTA4NzY1MzY@._V1_SX300.jpg", "Astronomer Dr. Carl Sagan is host and narrator of this 13-hour series that originally aired on Public Broadcasting Stations in the United States. Dr. Sagan describes the universe in a way that appeals to a mass audience, by using Earth as a reference point, by speaking in terms intelligible to non-scientific people, by relating the exploration of space to that of the Earth by pioneers of old, and by citing such Earth legends as the Library of Alexandria as metaphors for space-related future events. Among Dr. Sagan''s favorite topics are the origins of life, the search for life on Mars, the infernal composition of the atmosphere of Venus and a warning about a similar effect taking place on Earth due to global pollution and the ""greenhouse effect"", the lives of stars, interstellar travel and the effects of attaining the speed of light, the danger of mankind technologically self-destructing, and the search, using radio technology, for intelligent life in deep space.");
INSERT INTO Content (contentID, name, parentalRating, poster, plot) VALUES ("11126994", "Arcane: League of Legends", "TV-14", "https://m.media-amazon.com/images/M/MV5BYmU5OWM5ZTAtNjUzOC00NmUyLTgyOWMtMjlkNjdlMDAzMzU1XkEyXkFqcGdeQXVyMDM2NDM2MQ@@._V1_SX300.jpg", "The delicate balance between the rich city of Piltover and the seedy underbelly of Zaun. Tensions between these city-states boil over with the creation of hextech a way for any person to control magical energy in Piltover, and in Zaun, a new drug called shimmer transforms humans into monsters. The rivalry between the cities splits families and friends as Arcane brings life to the relationships that shape some of League of Legends'' famous champions including Vi, Jinx, Caitlyn, Jayce and Viktor.");
INSERT INTO Content (contentID, name, parentalRating, poster, plot) VALUES ("2442560", "Peaky Blinders", "TV-MA", "https://m.media-amazon.com/images/M/MV5BMTkzNjEzMDEzMF5BMl5BanBnXkFtZTgwMDI0MjE4MjE@._V1_SX300.jpg", "Thomas Shelby and his brothers return to Birmingham after serving in the British Army during WWI. Shelby and the Peaky Blinders, the gang he is leader of, control the city of Birmingham But as Shelby''s ambitions extend beyond Birmingham, he plans to build on the business empire he''s created, and stop anyone who gets in his way.");
INSERT INTO Content (contentID, name, parentalRating, poster, plot) VALUES ("0245429", "Spirited Away", "PG", "https://m.media-amazon.com/images/M/MV5BMjlmZmI5MDctNDE2YS00YWE0LWE5ZWItZDBhYWQ0NTcxNWRhXkEyXkFqcGdeQXVyMTMxODk2OTU@._V1_SX300.jpg", "Chihiro and her parents are moving to a small Japanese town in the countryside, much to Chihiro''s dismay. On the way to their new home, Chihiro''s father makes a wrong turn and drives down a lonely one-lane road which dead-ends in front of a tunnel. Her parents decide to stop the car and explore the area. They go through the tunnel and find an abandoned amusement park on the other side, with its own little town. When her parents see a restaurant with great-smelling food but no staff, they decide to eat and pay later. However, Chihiro refuses to eat and decides to explore the theme park a bit more. She meets a boy named Haku who tells her that Chihiro and her parents are in danger, and they must leave immediately. She runs to the restaurant and finds that her parents have turned into pigs. In addition, the theme park turns out to be a town inhabited by demons, spirits, and evil gods. At the center of the town is a bathhouse where these creatures go to relax. The owner of the bathhouse is the evil witch Yubaba, who is intent on keeping all trespassers as captive workers, including Chihiro. Chihiro must rely on Haku to save her parents in hopes of returning to their world.");
INSERT INTO Content (contentID, name, parentalRating, poster, plot) VALUES ("0120338", "Titanic", "PG-13", "https://m.media-amazon.com/images/M/MV5BMDdmZGU3NDQtY2E5My00ZTliLWIzOTUtMTY4ZGI1YjdiNjk3XkEyXkFqcGdeQXVyNTA4NzY1MzY@._V1_SX300.jpg", "84 years later, a 100 year-old woman named Rose DeWitt Bukater tells the story to her granddaughter Lizzy Calvert, Brock Lovett, Lewis Bodine, Bobby Buell and Anatoly Mikailavich on the Keldysh about her life set in April 10th 1912, on a ship called Titanic when young Rose boards the departing ship with the upper-class passengers and her mother, Ruth DeWitt Bukater, and her fiancé, Caledon Hockley. Meanwhile, a drifter and artist named Jack Dawson and his best friend Fabrizio De Rossi win third-class tickets to the ship in a game. And she explains the whole story from departure until the death of Titanic on its first and last voyage April 15th, 1912 at 2:20 in the morning.");
INSERT INTO Content (contentID, name, parentalRating, poster, plot) VALUES ("0027977", "Modern Times", "G", "https://m.media-amazon.com/images/M/MV5BYjJiZjMzYzktNjU0NS00OTkxLWEwYzItYzdhYWJjN2QzMTRlL2ltYWdlL2ltYWdlXkEyXkFqcGdeQXVyNjU0OTQ0OTY@._V1_SX300.jpg", "Chaplin''s last ''silent'' film, filled with sound effects, was made when everyone else was making talkies. Charlie turns against modern society, the machine age, (The use of sound in films ?) and progress. Firstly we see him frantically trying to keep up with a production line, tightening bolts. He is selected for an experiment with an automatic feeding machine, but various mishaps leads his boss to believe he has gone mad, and Charlie is sent to a mental hospital - When he gets out, he is mistaken for a communist while waving a red flag, sent to jail, foils a jailbreak, and is let out again. We follow Charlie through many more escapades before the film is out.");
INSERT INTO Content (contentID, name, parentalRating, poster, plot) VALUES ("7286456", "Joker", "R", "https://m.media-amazon.com/images/M/MV5BNGVjNWI4ZGUtNzE0MS00YTJmLWE0ZDctN2ZiYTk2YmI3NTYyXkEyXkFqcGdeQXVyMTkxNjUyNQ@@._V1_SX300.jpg", "Arthur Fleck works as a clown and is an aspiring stand-up comic. He has mental health issues, part of which involves uncontrollable laughter. Times are tough and, due to his issues and occupation, Arthur has an even worse time than most. Over time these issues bear down on him, shaping his actions, making him ultimately take on the persona he is more known as...Joker.");
INSERT INTO Content (contentID, name, parentalRating, poster, plot) VALUES ("0133093", "The Matrix", "R", "https://m.media-amazon.com/images/M/MV5BNzQzOTk3OTAtNDQ0Zi00ZTVkLWI0MTEtMDllZjNkYzNjNTc4L2ltYWdlXkEyXkFqcGdeQXVyNjU0OTQ0OTY@._V1_SX300.jpg", "Thomas A. Anderson is a man living two lives. By day he is an average computer programmer and by night a hacker known as Neo. Neo has always questioned his reality, but the truth is far beyond his imagination. Neo finds himself targeted by the police when he is contacted by Morpheus, a legendary computer hacker branded a terrorist by the government. As a rebel against the machines, Neo must confront the agents: super-powerful computer programs devoted to stopping Neo and the entire human rebellion.");
INSERT INTO Content (contentID, name, parentalRating, poster, plot) VALUES ("0368226", "The Room", "R", "https://m.media-amazon.com/images/M/MV5BYjEzN2FlYmYtNDkwMC00NGFkLWE5ODctYmE5NmYxNzE2MmRiXkEyXkFqcGdeQXVyMjMwODc5Mw@@._V1_SX300.jpg", "In San Francisco, Johnny''s live-in fiancee of seven years, Lisa, has been cheating on him with his friend Mark, and Johnny doesn''t know. If Johnny ever found out, would Mark still be his best friend? And what other troubles lurk in his life?");
INSERT INTO Content (contentID, name, parentalRating, poster, plot) VALUES ("6264654", "Free Guy", "PG-13", "https://m.media-amazon.com/images/M/MV5BOTY2NzFjODctOWUzMC00MGZhLTlhNjMtM2Y2ODBiNGY1ZWRiXkEyXkFqcGdeQXVyMDM2NDM2MQ@@._V1_SX300.jpg", "A bank teller discovers that he''s actually an NPC inside a brutal, open world video game.");
INSERT INTO Content (contentID, name, parentalRating, poster, plot) VALUES ("0081505", "The Shining", "R", "https://m.media-amazon.com/images/M/MV5BZWFlYmY2MGEtZjVkYS00YzU4LTg0YjQtYzY1ZGE3NTA5NGQxXkEyXkFqcGdeQXVyMTQxNzMzNDI@._V1_SX300.jpg", "Haunted by a persistent writer''s block, the aspiring author and recovering alcoholic, Jack Torrance, drags his wife, Wendy, and his gifted son, Danny, up snow-capped Colorado''s secluded Overlook Hotel after taking up a job as an off-season caretaker. As the cavernous hotel shuts down for the season, the manager gives Jack a grand tour, and the facility''s chef, the ageing Mr Hallorann, has a fascinating chat with Danny about a rare psychic gift called ""The Shining"", making sure to warn him about the hotel''s abandoned rooms, and, in particular, the off-limits Room 237. However, instead of overcoming the dismal creative rut, little by little, Jack starts losing his mind, trapped in an unforgiving environment of seemingly endless snowstorms, and a gargantuan silent prison riddled with strange occurrences and eerie visions. Now, the incessant voices inside Jack''s head demand sacrifice. Is Jack capable of murder?");
INSERT INTO Content (contentID, name, parentalRating, poster, plot) VALUES ("0068646", "The Godfather", "R", "https://m.media-amazon.com/images/M/MV5BM2MyNjYxNmUtYTAwNi00MTYxLWJmNWYtYzZlODY3ZTk3OTFlXkEyXkFqcGdeQXVyNzkwMjQ5NzM@._V1_SX300.jpg", "The Godfather ""Don"" Vito Corleone is the head of the Corleone mafia family in New York. He is at the event of his daughter''s wedding. Michael, Vito''s youngest son and a decorated WW II Marine is also present at the wedding. Michael seems to be uninterested in being a part of the family business. Vito is a powerful man, and is kind to all those who give him respect but is ruthless against those who do not. But when a powerful and treacherous rival wants to sell drugs and needs the Don''s influence for the same, Vito refuses to do it. What follows is a clash between Vito''s fading old values and the new ways which may cause Michael to do the thing he was most reluctant in doing and wage a mob war against all the other mafia families which could tear the Corleone family apart.");
INSERT INTO Content (contentID, name, parentalRating, poster, plot) VALUES ("10872600", "Spider-Man: No Way Home", NULL, "https://m.media-amazon.com/images/M/MV5BMDUzNWJhZWQtYzU3Zi00M2NjLThjZjEtMTRmMjRmNzBmMWI2XkEyXkFqcGdeQXVyODIyOTEyMzY@._V1_SX300.jpg", "For the first time in the cinematic history of Spider-Man, our friendly neighborhood hero is unmasked and no longer able to separate his normal life from the high-stakes of being a Super Hero. When he asks for help from Doctor Strange, the stakes become even more dangerous, forcing him to discover what it truly means to be Spider-Man.");

INSERT INTO TVSeries (contentID, startDate, endDate, numSeason, numEpisode) VALUES ("4574334", "2016-07-15", NULL, "4", "34");
INSERT INTO TVSeries (contentID, startDate, endDate, numSeason, numEpisode) VALUES ("9140554", "2021-06-09", "2021-07-14", "1", "6");
INSERT INTO TVSeries (contentID, startDate, endDate, numSeason, numEpisode) VALUES ("0903747", "2008-01-20", "2013-09-29", "5", "62");
INSERT INTO TVSeries (contentID, startDate, endDate, numSeason, numEpisode) VALUES ("0944947", "2011-04-17", "2019-05-19", "8", "73");
INSERT INTO TVSeries (contentID, startDate, endDate, numSeason, numEpisode) VALUES ("1442437", "2009-09-23", "2020-04-08", "11", "250");
INSERT INTO TVSeries (contentID, startDate, endDate, numSeason, numEpisode) VALUES ("0112159", "1997-08-20", "2006-03-12", "1", "26");
INSERT INTO TVSeries (contentID, startDate, endDate, numSeason, numEpisode) VALUES ("7335184", "2018-09-09", "2021-10-15", "3", "30");
INSERT INTO TVSeries (contentID, startDate, endDate, numSeason, numEpisode) VALUES ("0081846", "1980-09-28", "1980-12-21", "1", "13");
INSERT INTO TVSeries (contentID, startDate, endDate, numSeason, numEpisode) VALUES ("11126994", "2021-11-06", "2021-11-20", "1", "9");
INSERT INTO TVSeries (contentID, startDate, endDate, numSeason, numEpisode) VALUES ("2442560", "2014-09-30", NULL, "6", "31");

INSERT INTO Movie (contentID, runtime, boxoffice, year) VALUES ("0245429", "125","13750644", "2001");
INSERT INTO Movie (contentID, runtime, boxoffice, year) VALUES ("0120338", "194","659363944", "1997");
INSERT INTO Movie (contentID, runtime, boxoffice, year) VALUES ("0027977", "87","163577", "1936");
INSERT INTO Movie (contentID, runtime, boxoffice, year) VALUES ("7286456", "122","335451311", "2019");
INSERT INTO Movie (contentID, runtime, boxoffice, year) VALUES ("0133093", "136","171479930", "1999");
INSERT INTO Movie (contentID, runtime, boxoffice, year) VALUES ("0368226", "99","549602", "2003");
INSERT INTO Movie (contentID, runtime, boxoffice, year) VALUES ("6264654", "115","121502287", "2021");
INSERT INTO Movie (contentID, runtime, boxoffice, year) VALUES ("0081505", "146","45332952", "1980");
INSERT INTO Movie (contentID, runtime, boxoffice, year) VALUES ("0068646", "175","134966411", "1972");
INSERT INTO Movie (contentID, runtime, boxoffice, year) VALUES ("10872600", NULL, NULL, "2021");

INSERT INTO Contributor (contributorID, name, yob, knownFor) VALUES ("0000401", "Laurence Fishburne", "1961", "Blacksmith  (None), Rendlesham  (None) (TV), Sneaks  (None)");
INSERT INTO Contributor (contributorID, name, yob, knownFor) VALUES ("0594503", "Hayao Miyazaki", "1941", "How Do You Live?  (None), Boro the Caterpillar (2018), The Wind Rises (2013)");
INSERT INTO Contributor (contributorID, name, yob, knownFor) VALUES ("0997115", "Miyu Irino", "1988", "Heike Monogatari (2021), Platinum End (2021), Kamiarizuki no kodomo (2021)");
INSERT INTO Contributor (contributorID, name, yob, knownFor) VALUES ("1218281", "Jon Watts", "1981", "Fantastic Four  (None), The Old Man (2022), Spider-Man: No Way Home (2021)");
INSERT INTO Contributor (contributorID, name, yob, knownFor) VALUES ("1273099", "Erik Sommers", "1966", "American Dad! (2009-2012) (None)");
INSERT INTO Contributor (contributorID, name, yob, knownFor) VALUES ("0227759", "Peter Dinklage", "1969", "The Dwarf  (None), The Wild Bunch (2022), The Thicket  (None)");
INSERT INTO Contributor (contributorID, name, yob, knownFor) VALUES ("0000040", "Stanley Kubrick", "1928", "Eyes Wide Shut (1999), Full Metal Jacket (1987), The Shining (1980)");
INSERT INTO Contributor (contributorID, name, yob, knownFor) VALUES ("0002104", "Paulette Goddard", "1910", "The Snoop Sisters (1972), Valentine''s Day (1965), Time of Indifference (1964)");
INSERT INTO Contributor (contributorID, name, yob, knownFor) VALUES ("0001618", "Joaquin Phoenix", "1974", "Joker 2  (None), Kitbag  (None), Disappointment Blvd. (2022)");
INSERT INTO Contributor (contributorID, name, yob, knownFor) VALUES ("1089991", "Tom Hiddleston", "1981", "The Essex Serpent  (None), White Stork (2022), What If...? (2021)");
INSERT INTO Contributor (contributorID, name, yob, knownFor) VALUES ("5611121", "Millie Bobby Brown", "2004", "The Thing About Jellyfish  (None), Damsel  (None), The Girls I''ve Been  (None)");
INSERT INTO Contributor (contributorID, name, yob, knownFor) VALUES ("0000708", "Billy Zane", "1966", "Waltzing with Brando  (None), FOOD FIGHT (2022), MacGruber (2021)");
INSERT INTO Contributor (contributorID, name, yob, knownFor) VALUES ("0186505", "Bryan Cranston", "1956", "Argylle (2022), Jerry and Marge Go Large  (None), Asteroid City (2022)");
INSERT INTO Contributor (contributorID, name, yob, knownFor) VALUES ("0000116", "James Cameron", "1954", "The Informationist  (None), Avatar 5 (2028), Avatar 4 (2026)");
INSERT INTO Contributor (contributorID, name, yob, knownFor) VALUES ("0687189", "Suzanne Pleshette", "1937", "Will & Grace (2002-2004) (None), 8 Simple Rules (2003), Good Morning, Miami (2002-2003) (None)");
INSERT INTO Contributor (contributorID, name, yob, knownFor) VALUES ("0498278", "Stan Lee", "1922", "Starship Farragut Homecoming (2021), Big Hero 6: The Series (2017-2020) (None), Madness in the Method (2019)");
INSERT INTO Contributor (contributorID, name, yob, knownFor) VALUES ("0666739", "Aaron Paul", "1979", "Westworld (2020-2022) (None), Dual (2021), The Coldest Case (2021)");
INSERT INTO Contributor (contributorID, name, yob, knownFor) VALUES ("0614165", "Cillian Murphy", "1976", "Oppenheimer (2023), Kensuke''s Kingdom  (None), Hippie Hippie Shake  (None)");
INSERT INTO Contributor (contributorID, name, yob, knownFor) VALUES ("3918035", "Zendaya", "1996", "Megalopolis  (None), Dune: Part Two (2023), Spider-Man: No Way Home (2021)");
INSERT INTO Contributor (contributorID, name, yob, knownFor) VALUES ("1581663", "Steven Soter", "1971", NULL);
INSERT INTO Contributor (contributorID, name, yob, knownFor) VALUES ("1212722", "Benedict Cumberbatch", "1976", "Magik  (None), Rio  (None), Rogue Male  (None)");
INSERT INTO Contributor (contributorID, name, yob, knownFor) VALUES ("0000502", "Christopher Lloyd", "1938", "Untitled Lani Pixels Project  (None), Tooned Out  (None), Man & Witch  (None)");
INSERT INTO Contributor (contributorID, name, yob, knownFor) VALUES ("0074788", "Henry Bergman", "1868", "Modern Times (1936), City Lights (1931), The Circus (1928)");
INSERT INTO Contributor (contributorID, name, yob, knownFor) VALUES ("0000701", "Kate Winslet", "1975", "Fake!  (None), Lee  (None), Naya Legend of the Golden Dolphin (2023)");
INSERT INTO Contributor (contributorID, name, yob, knownFor) VALUES ("0000122", "Charles Chaplin", "1889", "A Countess from Hong Kong (1967), The Chaplin Revue (1959), A King in New York (1957)");
INSERT INTO Contributor (contributorID, name, yob, knownFor) VALUES ("0000213", "Winona Ryder", "1971", "The Cow  (None), Stranger Things (2016-2022) (None), Cadillac: How Do You Drive with Scissorhands? (2021)");
INSERT INTO Contributor (contributorID, name, yob, knownFor) VALUES ("0075528", "Greg Berlanti", "1972", "Booster Gold  (None), Little Shop of Horrors  (None), Love, Simon (2018)");
INSERT INTO Contributor (contributorID, name, yob, knownFor) VALUES ("1888967", "D.B. Weiss", "1971", "Westworld (2020), Game of Thrones (2019), It''s Always Sunny in Philadelphia (2017)");
INSERT INTO Contributor (contributorID, name, yob, knownFor) VALUES ("1819973", "Ross Duffer", "1983", "The Milkman (2008)");
INSERT INTO Contributor (contributorID, name, yob, knownFor) VALUES ("0905154", "Lana Wachowski", "1965", "The Matrix Resurrections (2021), Sense8 (2015-2018) (None), Sense8: Creating the World (2015)");
INSERT INTO Contributor (contributorID, name, yob, knownFor) VALUES ("0046112", "Penn Badgley", "1986", "You (2018-2021) (None), The Birthday Cake (2021), Here Today (2021)");
INSERT INTO Contributor (contributorID, name, yob, knownFor) VALUES ("1140275", "Steven Knight", "1959", "Serenity (2019), Locke (2013), Redemption (I) (2013)");
INSERT INTO Contributor (contributorID, name, yob, knownFor) VALUES ("0370677", "Megumi Hayashibara", "1967", "Irina: The Vampire Cosmonaut (2021), Sword Art Online: Progressive - Aria of a Starless Night (2021), My Hero Academia: World Heroes'' Mission (2021)");
INSERT INTO Contributor (contributorID, name, yob, knownFor) VALUES ("0153068", "Jonathan Fahn", "1965", "Now, Now, Now...  (None), Jerry (2020), The Reseda Pipeflitters (2020)");
INSERT INTO Contributor (contributorID, name, yob, knownFor) VALUES ("0424956", "Diane Johnson", "1934", NULL);
INSERT INTO Contributor (contributorID, name, yob, knownFor) VALUES ("0000338", "Francis Ford Coppola", "1939", "Megalopolis  (None), Distant Vision (2016), Twixt (2011)");
INSERT INTO Contributor (contributorID, name, yob, knownFor) VALUES ("0005351", "Ryan Reynolds", "1976", "Clue  (None), Dragon''s Lair (2022), Deadpool 3  (None)");
INSERT INTO Contributor (contributorID, name, yob, knownFor) VALUES ("0348152", "Anna Gunn", "1968", "Land of Dreams (2021), Prodigal Son (2021), Deadwood: The Movie (2019) (TV)");
INSERT INTO Contributor (contributorID, name, yob, knownFor) VALUES ("0005562", "Owen Wilson", "1968", "Haunted Mansion  (None), Cars on the Road (2022), Secret Headquarters (2022)");
INSERT INTO Contributor (contributorID, name, yob, knownFor) VALUES ("0905152", "Lilly Wachowski", "1967", "Work in Progress (2021), Sense8 (2015), Jupiter Ascending (2015)");
INSERT INTO Contributor (contributorID, name, yob, knownFor) VALUES ("0001303", "Carla Gugino", "1971", NULL);
INSERT INTO Contributor (contributorID, name, yob, knownFor) VALUES ("1204760", "Kevin Alejandro", "1976", "Aristotle and Dante Discover the Secrets of the Universe  (None), For Every Good Invention (2021), The Keepers  (None)");
INSERT INTO Contributor (contributorID, name, yob, knownFor) VALUES ("0169806", "Taika Waititi", "1975", "Our Flag Means Death  (None), Thor: Love and Thunder (2022), What We Do in the Shadows (2019-2021) (None)");
INSERT INTO Contributor (contributorID, name, yob, knownFor) VALUES ("0238668", "Ann Druyan", "1949", "Contact (1997)");
INSERT INTO Contributor (contributorID, name, yob, knownFor) VALUES ("6016511", "Finn Wolfhard", "2002", "New-Gen  (None), The Legend of Ochi (2022), When You Finish Saving the World  (None)");
INSERT INTO Contributor (contributorID, name, yob, knownFor) VALUES ("0798788", "Scott Silver", "1957", "The Mod Squad (1999), Johns (1996)");
INSERT INTO Contributor (contributorID, name, yob, knownFor) VALUES ("1571148", "Sera Gamble", "1973", "The Magicians (2018), Aquarius (2015), The Clay Man (2004)");
INSERT INTO Contributor (contributorID, name, yob, knownFor) VALUES ("1073238", "Matt Lieberman", "1959", NULL);
INSERT INTO Contributor (contributorID, name, yob, knownFor) VALUES ("3229685", "Kit Harington", "1986", "Extrapolations (2022), Eternals (2021), Modern Love (2021)");
INSERT INTO Contributor (contributorID, name, yob, knownFor) VALUES ("3592338", "Emilia Clarke", "1986", "McCarthy  (None), The Pod Generation  (None), Secret Invasion (2022)");
INSERT INTO Contributor (contributorID, name, yob, knownFor) VALUES ("0000134", "Robert De Niro", "1943", "Untitled De Niro/Ramirez/Jakubowicz Project  (None), After Exile  (None), About My Father  (None)");
INSERT INTO Contributor (contributorID, name, yob, knownFor) VALUES ("0701374", "Mario Puzo", "1920", NULL);
INSERT INTO Contributor (contributorID, name, yob, knownFor) VALUES ("0506160", "Steven Levitan", "1962", "#BlackAF (2020), Modern Family (2010), Just Shoot Me! (1997)");
INSERT INTO Contributor (contributorID, name, yob, knownFor) VALUES ("0680846", "Todd Phillips", "1970", "Untitled Hulk Hogan Biopic  (None), Joker (2019), War Dogs (2016)");
INSERT INTO Contributor (contributorID, name, yob, knownFor) VALUES ("1819972", "Matt Duffer", "1989", "The Milkman (2008)");
INSERT INTO Contributor (contributorID, name, yob, knownFor) VALUES ("0100866", "Julie Bowen", "1970", "Raised by Wolves  (None) (TV), The Big Bad Wolfes  (None), Mixtape (II) (2021)");
INSERT INTO Contributor (contributorID, name, yob, knownFor) VALUES ("1382072", "Tommy Wiseau", "1955", "Big Shark  (None), The Neighbors (2014-2016) (None), Corsica Arts Club: California I Follow (2015)");
INSERT INTO Contributor (contributorID, name, yob, knownFor) VALUES ("0319213", "Vince Gilligan", "1967", "American Dad! (2018), Penn Zero: Part-Time Hero (2017), Comedy Bang! Bang! (2015)");
INSERT INTO Contributor (contributorID, name, yob, knownFor) VALUES ("0000759", "Paul Thomas Anderson", "1970", "Documentary Now! (2016), Minority Report (2002), Magnolia (1999)");
INSERT INTO Contributor (contributorID, name, yob, knownFor) VALUES ("0000175", "Stephen King", "1947", "Duncanville (2021), It Chapter Two (2019), Gone (XII) (2017)");
INSERT INTO Contributor (contributorID, name, yob, knownFor) VALUES ("0030417", "Hideaki Anno", "1960", "Last Letter (2020), Shin Godzilla (2016), The Wind Rises (2013)");
INSERT INTO Contributor (contributorID, name, yob, knownFor) VALUES ("0001167", "Shelley Duvall", "1949", "Manna from Heaven (2002), Dreams in the Attic (2000) (TV), Boltneck (2000)");
INSERT INTO Contributor (contributorID, name, yob, knownFor) VALUES ("0594074", "Kotono Mitsuishi", "1967", "Doraemon the Movie: Nobita''s Little Star Wars 2021 (2022), My Love Mix-Up! (2021), Pokémon Evolutions (2021)");
INSERT INTO Contributor (contributorID, name, yob, knownFor) VALUES ("0567031", "Helen McCrory", "1968", "Peaky Blinders (2013-2022) (None), Charlotte (III) (2021), His Dark Materials (2019-2020) (None)");
INSERT INTO Contributor (contributorID, name, yob, knownFor) VALUES ("0672015", "Zak Penn", "1968", "Dakota (2012), Osmosis Jones (2001), Chuck & Buck (2000)");
INSERT INTO Contributor (contributorID, name, yob, knownFor) VALUES ("4043618", "Tom Holland", "1996", "Uncharted (2022), Spider-Man: No Way Home (2021), Cherry (I) (2021)");
INSERT INTO Contributor (contributorID, name, yob, knownFor) VALUES ("0361570", "Jaromír Hanzlík", "1948", "Léto s gentlemanem (2019), The True Knight (2016) (TV), Korunní princ (2015) (TV)");
INSERT INTO Contributor (contributorID, name, yob, knownFor) VALUES ("0644527", "Megumi Ogata", "1965", "Love Deeply (2021), Famicom Detective Club: The Girl Who Stands Behind (2021) (VG), Famicom Detective Club: The Missing Heir (2021) (VG)");
INSERT INTO Contributor (contributorID, name, yob, knownFor) VALUES ("0005251", "Carrie-Anne Moss", "1967", "Chocolate Lizards  (None), The Matrix Resurrections (2021), Mass Effect: Legendary Edition (2021) (VG)");
INSERT INTO Contributor (contributorID, name, yob, knownFor) VALUES ("3069650", "Jodie Comer", "1993", "Kitbag  (None), Killing Eve (2018-2022) (None), Help (2021) (TV)");
INSERT INTO Contributor (contributorID, name, yob, knownFor) VALUES ("5642271", "Michael Waldron", "1959", NULL);
INSERT INTO Contributor (contributorID, name, yob, knownFor) VALUES ("5939164", "Zazie Beetz", "1991", "Shelter  (None), Bullet Train (2022), The Bad Guys (2022)");
INSERT INTO Contributor (contributorID, name, yob, knownFor) VALUES ("0000138", "Leonardo DiCaprio", "1974", "The Devil in the White City  (None), Roosevelt (2023), The Black Hand  (None)");
INSERT INTO Contributor (contributorID, name, yob, knownFor) VALUES ("1382799", "Juliette Danielle", "1980", "The Room Actors: Where Are They Now? (2016-2018) (None), Texas Cotton (2018), IRL the Webseries (2015-2016) (None)");
INSERT INTO Contributor (contributorID, name, yob, knownFor) VALUES ("0153738", "Daveigh Chase", "1990", "Let It Die (2016) (VG), American Romance (2016), Jack Goes Home (2016)");
INSERT INTO Contributor (contributorID, name, yob, knownFor) VALUES ("1032853", "Jason Spisak", "1973", "Blade Runner: Black Lotus (2021), Arcane (2021), DC Super Hero Girls (2019-2021) (None)");
INSERT INTO Contributor (contributorID, name, yob, knownFor) VALUES ("0755981", "Carl Sagan", "1934", "eXtinction (2011)");
INSERT INTO Contributor (contributorID, name, yob, knownFor) VALUES ("6442992", "Victoria Pedretti", "1995", "You (2019-2021) (None), Kacey Musgraves: Simple Times (2021), Star-Crossed: The Film (2021)");
INSERT INTO Contributor (contributorID, name, yob, knownFor) VALUES ("0000008", "Marlon Brando", "1924", "Big Bug Man (2006) (TV), The Godfather (2006) (VG), Michael Jackson: You Rock My World (2001)");
INSERT INTO Contributor (contributorID, name, yob, knownFor) VALUES ("0005527", "Sofía Vergara", "1972", "Griselda  (None), Koati (2021), Modern Family (2009-2020) (None)");
INSERT INTO Contributor (contributorID, name, yob, knownFor) VALUES ("0000199", "Al Pacino", "1940", "King Lear  (None), Sniff (I) (2022), House of Gucci (2021)");
INSERT INTO Contributor (contributorID, name, yob, knownFor) VALUES ("0642145", "Ed O''Neill", "1946", "Modern Family (2009-2020) (None), The Last Shift (2020), Weird City (2019)");
INSERT INTO Contributor (contributorID, name, yob, knownFor) VALUES ("1813221", "Gugu Mbatha-Raw", "1983", "Nobody''s Heart  (None), Surface  (None), Seacole  (None)");
INSERT INTO Contributor (contributorID, name, yob, knownFor) VALUES ("0571344", "Chris McKenna", "1971", "Igor (2008)");
INSERT INTO Contributor (contributorID, name, yob, knownFor) VALUES ("2794962", "Hailee Steinfeld", "1996", "Spider-Man: Across the Spider-Verse - Part One (2022), Arcane (2021-2023) (None), Hawkeye (2021)");
INSERT INTO Contributor (contributorID, name, yob, knownFor) VALUES ("0000197", "Jack Nicholson", "1937", "How Do You Know (2010), I''m Still Here (I) (2010), The Bucket List (2007)");
INSERT INTO Contributor (contributorID, name, yob, knownFor) VALUES ("0001001", "James Caan", "1940", "Acre Beyond the Rye  (None), Megalopolis  (None), Redemption  (None)");
INSERT INTO Contributor (contributorID, name, yob, knownFor) VALUES ("0004170", "Bob Kane", "1915", "Batman Forever (1995), Batman (1943)");
INSERT INTO Contributor (contributorID, name, yob, knownFor) VALUES ("0802995", "Greg Sestero", "1978", "Big Shark  (None), Infrared  (None), Miracle Valley (2021)");
INSERT INTO Contributor (contributorID, name, yob, knownFor) VALUES ("1125275", "David Benioff", "1970", "Westworld (2020), Game of Thrones (2019), It''s Always Sunny in Philadelphia (2017)");
INSERT INTO Contributor (contributorID, name, yob, knownFor) VALUES ("0000206", "Keanu Reeves", "1964", "Rain  (None), John Wick: Chapter 5  (None), John Wick: Chapter 4 (2022)");
INSERT INTO Contributor (contributorID, name, yob, knownFor) VALUES ("1024107", "Ambyr Childers", "1988", "You (2018-2019) (None), The Magicians (2019), A Moving Romance (2017) (TV)");
INSERT INTO Contributor (contributorID, name, yob, knownFor) VALUES ("0506613", "Shawn Levy", "1968", "Starman  (None), All the Light We Cannot See  (None), The Adam Project (2022)");
INSERT INTO Contributor (contributorID, name, yob, knownFor) VALUES ("0515950", "Danny Lloyd", "1972", "Doctor Sleep (2019), Will: The Autobiography of G. Gordon Liddy (1982) (TV), The Shining (1980)");

INSERT INTO Reviewer (name) VALUES ("Internet Movie Database");
INSERT INTO Reviewer (name) VALUES ("Rotten Tomatoes");
INSERT INTO Reviewer (name) VALUES ("Metacritic");

INSERT INTO Role (name) VALUES ("Writer");
INSERT INTO Role (name) VALUES ("Director");
INSERT INTO Role (name) VALUES ("Actor");

INSERT INTO Genre (name) VALUES ("Drama");
INSERT INTO Genre (name) VALUES ("Fantasy");
INSERT INTO Genre (name) VALUES ("Horror");
INSERT INTO Genre (name) VALUES ("Action");
INSERT INTO Genre (name) VALUES ("Adventure");
INSERT INTO Genre (name) VALUES ("Crime");
INSERT INTO Genre (name) VALUES ("Thriller");
INSERT INTO Genre (name) VALUES ("Comedy");
INSERT INTO Genre (name) VALUES ("Romance");
INSERT INTO Genre (name) VALUES ("Animation");
INSERT INTO Genre (name) VALUES ("Documentary");
INSERT INTO Genre (name) VALUES ("Family");
INSERT INTO Genre (name) VALUES ("Sci-Fi");

INSERT INTO Season (tvID, startDate, endDate, orderNum, numEpisode) VALUES ("1", "2016-07-15", "2016-07-15", "1", "8");
INSERT INTO Season (tvID, startDate, endDate, orderNum, numEpisode) VALUES ("1", "2017-10-27", "2017-10-27", "2", "9");
INSERT INTO Season (tvID, startDate, endDate, orderNum, numEpisode) VALUES ("1", "2019-07-04", "2019-07-04", "3", "8");
INSERT INTO Season (tvID, startDate, endDate, orderNum, numEpisode) VALUES ("1", "2019-07-04", NULL, "4", "9");
INSERT INTO Season (tvID, startDate, endDate, orderNum, numEpisode) VALUES ("2", "2021-06-09", "2021-07-14", "1", "6");
INSERT INTO Season (tvID, startDate, endDate, orderNum, numEpisode) VALUES ("3", "2008-01-20", "2008-03-09", "1", "7");
INSERT INTO Season (tvID, startDate, endDate, orderNum, numEpisode) VALUES ("3", "2009-03-08", "2009-05-31", "2", "13");
INSERT INTO Season (tvID, startDate, endDate, orderNum, numEpisode) VALUES ("3", "2010-03-21", "2010-06-13", "3", "13");
INSERT INTO Season (tvID, startDate, endDate, orderNum, numEpisode) VALUES ("3", "2011-07-17", "2011-10-09", "4", "13");
INSERT INTO Season (tvID, startDate, endDate, orderNum, numEpisode) VALUES ("3", "2012-07-15", "2013-09-29", "5", "16");
INSERT INTO Season (tvID, startDate, endDate, orderNum, numEpisode) VALUES ("4", "2011-04-17", "2011-06-19", "1", "10");
INSERT INTO Season (tvID, startDate, endDate, orderNum, numEpisode) VALUES ("4", "2012-04-01", "2012-06-03", "2", "10");
INSERT INTO Season (tvID, startDate, endDate, orderNum, numEpisode) VALUES ("4", "2013-03-31", "2013-06-09", "3", "10");
INSERT INTO Season (tvID, startDate, endDate, orderNum, numEpisode) VALUES ("4", "2014-04-06", "2014-06-15", "4", "10");
INSERT INTO Season (tvID, startDate, endDate, orderNum, numEpisode) VALUES ("4", "2015-04-12", "2015-06-14", "5", "10");
INSERT INTO Season (tvID, startDate, endDate, orderNum, numEpisode) VALUES ("4", "2016-04-24", "2016-06-26", "6", "10");
INSERT INTO Season (tvID, startDate, endDate, orderNum, numEpisode) VALUES ("4", "2017-07-16", "2017-08-27", "7", "7");
INSERT INTO Season (tvID, startDate, endDate, orderNum, numEpisode) VALUES ("4", "2019-04-14", "2019-05-19", "8", "6");
INSERT INTO Season (tvID, startDate, endDate, orderNum, numEpisode) VALUES ("5", "2009-09-23", "2010-05-19", "1", "24");
INSERT INTO Season (tvID, startDate, endDate, orderNum, numEpisode) VALUES ("5", "2010-09-22", "2011-05-25", "2", "24");
INSERT INTO Season (tvID, startDate, endDate, orderNum, numEpisode) VALUES ("5", "2011-09-21", "2012-05-23", "3", "24");
INSERT INTO Season (tvID, startDate, endDate, orderNum, numEpisode) VALUES ("5", "2012-09-26", "2013-05-22", "4", "24");
INSERT INTO Season (tvID, startDate, endDate, orderNum, numEpisode) VALUES ("5", "2013-09-25", "2014-05-21", "5", "24");
INSERT INTO Season (tvID, startDate, endDate, orderNum, numEpisode) VALUES ("5", "2014-09-24", "2015-05-20", "6", "24");
INSERT INTO Season (tvID, startDate, endDate, orderNum, numEpisode) VALUES ("5", "2015-09-23", "2016-05-18", "7", "22");
INSERT INTO Season (tvID, startDate, endDate, orderNum, numEpisode) VALUES ("5", "2016-09-21", "2017-05-17", "8", "22");
INSERT INTO Season (tvID, startDate, endDate, orderNum, numEpisode) VALUES ("5", "2017-09-27", "2018-05-16", "9", "22");
INSERT INTO Season (tvID, startDate, endDate, orderNum, numEpisode) VALUES ("5", "2018-09-26", "2019-05-08", "10", "22");
INSERT INTO Season (tvID, startDate, endDate, orderNum, numEpisode) VALUES ("5", "2019-09-25", "2020-04-08", "11", "18");
INSERT INTO Season (tvID, startDate, endDate, orderNum, numEpisode) VALUES ("6", "1997-08-20", "2006-03-12", "1", "26");
INSERT INTO Season (tvID, startDate, endDate, orderNum, numEpisode) VALUES ("7", "2018-09-09", "2018-11-11", "1", "10");
INSERT INTO Season (tvID, startDate, endDate, orderNum, numEpisode) VALUES ("7", "2019-12-26", "2019-12-26", "2", "10");
INSERT INTO Season (tvID, startDate, endDate, orderNum, numEpisode) VALUES ("7", "2021-10-15", "2021-10-15", "3", "10");
INSERT INTO Season (tvID, startDate, endDate, orderNum, numEpisode) VALUES ("8", "1980-09-28", "1980-12-21", "1", "13");
INSERT INTO Season (tvID, startDate, endDate, orderNum, numEpisode) VALUES ("9", "2021-11-06", "2021-11-20", "1", "9");
INSERT INTO Season (tvID, startDate, endDate, orderNum, numEpisode) VALUES ("10", "2014-09-30", "2014-09-30", "1", "6");
INSERT INTO Season (tvID, startDate, endDate, orderNum, numEpisode) VALUES ("10", "2014-10-02", "2014-11-06", "2", "6");
INSERT INTO Season (tvID, startDate, endDate, orderNum, numEpisode) VALUES ("10", "2016-05-31", "2016-05-31", "3", "6");
INSERT INTO Season (tvID, startDate, endDate, orderNum, numEpisode) VALUES ("10", "2017-12-21", "2017-12-21", "4", "6");
INSERT INTO Season (tvID, startDate, endDate, orderNum, numEpisode) VALUES ("10", "2019-10-04", "2019-10-04", "5", "6");
INSERT INTO Season (tvID, startDate, endDate, orderNum, numEpisode) VALUES ("10", "2022-01-01", NULL, "6", "6");

INSERT INTO Episode (seasonID, title) VALUES ("1", "Chapter One: The Vanishing of Will Byers");
INSERT INTO Episode (seasonID, title) VALUES ("1", "Chapter Two: The Weirdo on Maple Street");
INSERT INTO Episode (seasonID, title) VALUES ("1", "Chapter Three: Holly, Jolly");
INSERT INTO Episode (seasonID, title) VALUES ("1", "Chapter Four: The Body");
INSERT INTO Episode (seasonID, title) VALUES ("1", "Chapter Five: The Flea and the Acrobat");
INSERT INTO Episode (seasonID, title) VALUES ("1", "Chapter Six: The Monster");
INSERT INTO Episode (seasonID, title) VALUES ("1", "Chapter Seven: The Bathtub");
INSERT INTO Episode (seasonID, title) VALUES ("1", "Chapter Eight: The Upside Down");
INSERT INTO Episode (seasonID, title) VALUES ("2", "Chapter One: MADMAX");
INSERT INTO Episode (seasonID, title) VALUES ("2", "Chapter Two: Trick or Treat, Freak");
INSERT INTO Episode (seasonID, title) VALUES ("2", "Chapter Three: The Pollywog");
INSERT INTO Episode (seasonID, title) VALUES ("2", "Chapter Four: Will the Wise");
INSERT INTO Episode (seasonID, title) VALUES ("2", "Chapter Five: Dig Dug");
INSERT INTO Episode (seasonID, title) VALUES ("2", "Chapter Six: The Spy");
INSERT INTO Episode (seasonID, title) VALUES ("2", "Chapter Seven: The Lost Sister");
INSERT INTO Episode (seasonID, title) VALUES ("2", "Chapter Eight: The Mind Flayer");
INSERT INTO Episode (seasonID, title) VALUES ("2", "Chapter Nine: The Gate");
INSERT INTO Episode (seasonID, title) VALUES ("3", "Chapter One: Suzie, Do You Copy?");
INSERT INTO Episode (seasonID, title) VALUES ("3", "Chapter Two: The Mall Rats");
INSERT INTO Episode (seasonID, title) VALUES ("3", "Chapter Three: The Case of the Missing Lifeguard");
INSERT INTO Episode (seasonID, title) VALUES ("3", "Chapter Four: The Sauna Test");
INSERT INTO Episode (seasonID, title) VALUES ("3", "Chapter Five: The Flayed");
INSERT INTO Episode (seasonID, title) VALUES ("3", "Chapter Six: E Pluribus Unum");
INSERT INTO Episode (seasonID, title) VALUES ("3", "Chapter Seven: The Bite");
INSERT INTO Episode (seasonID, title) VALUES ("3", "Chapter Eight: The Battle of Starcourt");
INSERT INTO Episode (seasonID, title) VALUES ("4", "Chapter One: The Hellfire Club");
INSERT INTO Episode (seasonID, title) VALUES ("4", "Episode #4.2");
INSERT INTO Episode (seasonID, title) VALUES ("4", "Episode #4.3");
INSERT INTO Episode (seasonID, title) VALUES ("4", "Episode #4.4");
INSERT INTO Episode (seasonID, title) VALUES ("4", "Episode #4.5");
INSERT INTO Episode (seasonID, title) VALUES ("4", "Episode #4.6");
INSERT INTO Episode (seasonID, title) VALUES ("4", "Episode #4.7");
INSERT INTO Episode (seasonID, title) VALUES ("4", "Episode #4.8");
INSERT INTO Episode (seasonID, title) VALUES ("4", "Episode #4.9");
INSERT INTO Episode (seasonID, title) VALUES ("5", "Glorious Purpose");
INSERT INTO Episode (seasonID, title) VALUES ("5", "The Variant");
INSERT INTO Episode (seasonID, title) VALUES ("5", "Lamentis");
INSERT INTO Episode (seasonID, title) VALUES ("5", "The Nexus Event");
INSERT INTO Episode (seasonID, title) VALUES ("5", "Journey Into Mystery");
INSERT INTO Episode (seasonID, title) VALUES ("5", "For All Time. Always.");
INSERT INTO Episode (seasonID, title) VALUES ("6", "Pilot");
INSERT INTO Episode (seasonID, title) VALUES ("6", "Cat's in the Bag...");
INSERT INTO Episode (seasonID, title) VALUES ("6", "...And the Bag's in the River");
INSERT INTO Episode (seasonID, title) VALUES ("6", "Cancer Man");
INSERT INTO Episode (seasonID, title) VALUES ("6", "Gray Matter");
INSERT INTO Episode (seasonID, title) VALUES ("6", "Crazy Handful of Nothin'");
INSERT INTO Episode (seasonID, title) VALUES ("6", "A No-Rough-Stuff-Type Deal");
INSERT INTO Episode (seasonID, title) VALUES ("7", "Seven Thirty-Seven");
INSERT INTO Episode (seasonID, title) VALUES ("7", "Grilled");
INSERT INTO Episode (seasonID, title) VALUES ("7", "Bit by a Dead Bee");
INSERT INTO Episode (seasonID, title) VALUES ("7", "Down");
INSERT INTO Episode (seasonID, title) VALUES ("7", "Breakage");
INSERT INTO Episode (seasonID, title) VALUES ("7", "Peekaboo");
INSERT INTO Episode (seasonID, title) VALUES ("7", "Negro y Azul");
INSERT INTO Episode (seasonID, title) VALUES ("7", "Better Call Saul");
INSERT INTO Episode (seasonID, title) VALUES ("7", "4 Days Out");
INSERT INTO Episode (seasonID, title) VALUES ("7", "Over");
INSERT INTO Episode (seasonID, title) VALUES ("7", "Mandala");
INSERT INTO Episode (seasonID, title) VALUES ("7", "Phoenix");
INSERT INTO Episode (seasonID, title) VALUES ("7", "ABQ");
INSERT INTO Episode (seasonID, title) VALUES ("8", "No Más");
INSERT INTO Episode (seasonID, title) VALUES ("8", "Caballo sin Nombre");
INSERT INTO Episode (seasonID, title) VALUES ("8", "I.F.T.");
INSERT INTO Episode (seasonID, title) VALUES ("8", "Green Light");
INSERT INTO Episode (seasonID, title) VALUES ("8", "Más");
INSERT INTO Episode (seasonID, title) VALUES ("8", "Sunset");
INSERT INTO Episode (seasonID, title) VALUES ("8", "One Minute");
INSERT INTO Episode (seasonID, title) VALUES ("8", "I See You");
INSERT INTO Episode (seasonID, title) VALUES ("8", "Kafkaesque");
INSERT INTO Episode (seasonID, title) VALUES ("8", "Fly");
INSERT INTO Episode (seasonID, title) VALUES ("8", "Abiquiu");
INSERT INTO Episode (seasonID, title) VALUES ("8", "Half Measures");
INSERT INTO Episode (seasonID, title) VALUES ("8", "Full Measure");
INSERT INTO Episode (seasonID, title) VALUES ("9", "Box Cutter");
INSERT INTO Episode (seasonID, title) VALUES ("9", "Thirty-Eight Snub");
INSERT INTO Episode (seasonID, title) VALUES ("9", "Open House");
INSERT INTO Episode (seasonID, title) VALUES ("9", "Bullet Points");
INSERT INTO Episode (seasonID, title) VALUES ("9", "Shotgun");
INSERT INTO Episode (seasonID, title) VALUES ("9", "Cornered");
INSERT INTO Episode (seasonID, title) VALUES ("9", "Problem Dog");
INSERT INTO Episode (seasonID, title) VALUES ("9", "Hermanos");
INSERT INTO Episode (seasonID, title) VALUES ("9", "Bug");
INSERT INTO Episode (seasonID, title) VALUES ("9", "Salud");
INSERT INTO Episode (seasonID, title) VALUES ("9", "Crawl Space");
INSERT INTO Episode (seasonID, title) VALUES ("9", "End Times");
INSERT INTO Episode (seasonID, title) VALUES ("9", "Face Off");
INSERT INTO Episode (seasonID, title) VALUES ("10", "Live Free or Die");
INSERT INTO Episode (seasonID, title) VALUES ("10", "Madrigal");
INSERT INTO Episode (seasonID, title) VALUES ("10", "Hazard Pay");
INSERT INTO Episode (seasonID, title) VALUES ("10", "Fifty-One");
INSERT INTO Episode (seasonID, title) VALUES ("10", "Dead Freight");
INSERT INTO Episode (seasonID, title) VALUES ("10", "Buyout");
INSERT INTO Episode (seasonID, title) VALUES ("10", "Say My Name");
INSERT INTO Episode (seasonID, title) VALUES ("10", "Gliding Over All");
INSERT INTO Episode (seasonID, title) VALUES ("10", "Blood Money");
INSERT INTO Episode (seasonID, title) VALUES ("10", "Buried");
INSERT INTO Episode (seasonID, title) VALUES ("10", "Confessions");
INSERT INTO Episode (seasonID, title) VALUES ("10", "Rabid Dog");
INSERT INTO Episode (seasonID, title) VALUES ("10", "To'hajiilee");
INSERT INTO Episode (seasonID, title) VALUES ("10", "Ozymandias");
INSERT INTO Episode (seasonID, title) VALUES ("10", "Granite State");
INSERT INTO Episode (seasonID, title) VALUES ("10", "Felina");
INSERT INTO Episode (seasonID, title) VALUES ("11", "Winter Is Coming");
INSERT INTO Episode (seasonID, title) VALUES ("11", "The Kingsroad");
INSERT INTO Episode (seasonID, title) VALUES ("11", "Lord Snow");
INSERT INTO Episode (seasonID, title) VALUES ("11", "Cripples, Bastards, and Broken Things");
INSERT INTO Episode (seasonID, title) VALUES ("11", "The Wolf and the Lion");
INSERT INTO Episode (seasonID, title) VALUES ("11", "A Golden Crown");
INSERT INTO Episode (seasonID, title) VALUES ("11", "You Win or You Die");
INSERT INTO Episode (seasonID, title) VALUES ("11", "The Pointy End");
INSERT INTO Episode (seasonID, title) VALUES ("11", "Baelor");
INSERT INTO Episode (seasonID, title) VALUES ("11", "Fire and Blood");
INSERT INTO Episode (seasonID, title) VALUES ("12", "The North Remembers");
INSERT INTO Episode (seasonID, title) VALUES ("12", "The Night Lands");
INSERT INTO Episode (seasonID, title) VALUES ("12", "What Is Dead May Never Die");
INSERT INTO Episode (seasonID, title) VALUES ("12", "Garden of Bones");
INSERT INTO Episode (seasonID, title) VALUES ("12", "The Ghost of Harrenhal");
INSERT INTO Episode (seasonID, title) VALUES ("12", "The Old Gods and the New");
INSERT INTO Episode (seasonID, title) VALUES ("12", "A Man Without Honor");
INSERT INTO Episode (seasonID, title) VALUES ("12", "The Prince of Winterfell");
INSERT INTO Episode (seasonID, title) VALUES ("12", "Blackwater");
INSERT INTO Episode (seasonID, title) VALUES ("12", "Valar Morghulis");
INSERT INTO Episode (seasonID, title) VALUES ("13", "Valar Dohaeris");
INSERT INTO Episode (seasonID, title) VALUES ("13", "Dark Wings, Dark Words");
INSERT INTO Episode (seasonID, title) VALUES ("13", "Walk of Punishment");
INSERT INTO Episode (seasonID, title) VALUES ("13", "And Now His Watch Is Ended");
INSERT INTO Episode (seasonID, title) VALUES ("13", "Kissed by Fire");
INSERT INTO Episode (seasonID, title) VALUES ("13", "The Climb");
INSERT INTO Episode (seasonID, title) VALUES ("13", "The Bear and the Maiden Fair");
INSERT INTO Episode (seasonID, title) VALUES ("13", "Second Sons");
INSERT INTO Episode (seasonID, title) VALUES ("13", "The Rains of Castamere");
INSERT INTO Episode (seasonID, title) VALUES ("13", "Mhysa");
INSERT INTO Episode (seasonID, title) VALUES ("14", "Two Swords");
INSERT INTO Episode (seasonID, title) VALUES ("14", "The Lion and the Rose");
INSERT INTO Episode (seasonID, title) VALUES ("14", "Breaker of Chains");
INSERT INTO Episode (seasonID, title) VALUES ("14", "Oathkeeper");
INSERT INTO Episode (seasonID, title) VALUES ("14", "First of His Name");
INSERT INTO Episode (seasonID, title) VALUES ("14", "The Laws of Gods and Men");
INSERT INTO Episode (seasonID, title) VALUES ("14", "Mockingbird");
INSERT INTO Episode (seasonID, title) VALUES ("14", "The Mountain and the Viper");
INSERT INTO Episode (seasonID, title) VALUES ("14", "The Watchers on the Wall");
INSERT INTO Episode (seasonID, title) VALUES ("14", "The Children");
INSERT INTO Episode (seasonID, title) VALUES ("15", "The Wars to Come");
INSERT INTO Episode (seasonID, title) VALUES ("15", "The House of Black and White");
INSERT INTO Episode (seasonID, title) VALUES ("15", "High Sparrow");
INSERT INTO Episode (seasonID, title) VALUES ("15", "Sons of the Harpy");
INSERT INTO Episode (seasonID, title) VALUES ("15", "Kill the Boy");
INSERT INTO Episode (seasonID, title) VALUES ("15", "Unbowed, Unbent, Unbroken");
INSERT INTO Episode (seasonID, title) VALUES ("15", "The Gift");
INSERT INTO Episode (seasonID, title) VALUES ("15", "Hardhome");
INSERT INTO Episode (seasonID, title) VALUES ("15", "The Dance of Dragons");
INSERT INTO Episode (seasonID, title) VALUES ("15", "Mother's Mercy");
INSERT INTO Episode (seasonID, title) VALUES ("16", "The Red Woman");
INSERT INTO Episode (seasonID, title) VALUES ("16", "Home");
INSERT INTO Episode (seasonID, title) VALUES ("16", "Oathbreaker");
INSERT INTO Episode (seasonID, title) VALUES ("16", "Book of the Stranger");
INSERT INTO Episode (seasonID, title) VALUES ("16", "The Door");
INSERT INTO Episode (seasonID, title) VALUES ("16", "Blood of My Blood");
INSERT INTO Episode (seasonID, title) VALUES ("16", "The Broken Man");
INSERT INTO Episode (seasonID, title) VALUES ("16", "No One");
INSERT INTO Episode (seasonID, title) VALUES ("16", "Battle of the Bastards");
INSERT INTO Episode (seasonID, title) VALUES ("16", "The Winds of Winter");
INSERT INTO Episode (seasonID, title) VALUES ("17", "Dragonstone");
INSERT INTO Episode (seasonID, title) VALUES ("17", "Stormborn");
INSERT INTO Episode (seasonID, title) VALUES ("17", "The Queen's Justice");
INSERT INTO Episode (seasonID, title) VALUES ("17", "The Spoils of War");
INSERT INTO Episode (seasonID, title) VALUES ("17", "Eastwatch");
INSERT INTO Episode (seasonID, title) VALUES ("17", "Beyond the Wall");
INSERT INTO Episode (seasonID, title) VALUES ("17", "The Dragon and the Wolf");
INSERT INTO Episode (seasonID, title) VALUES ("18", "Winterfell");
INSERT INTO Episode (seasonID, title) VALUES ("18", "A Knight of the Seven Kingdoms");
INSERT INTO Episode (seasonID, title) VALUES ("18", "The Long Night");
INSERT INTO Episode (seasonID, title) VALUES ("18", "The Last of the Starks");
INSERT INTO Episode (seasonID, title) VALUES ("18", "The Bells");
INSERT INTO Episode (seasonID, title) VALUES ("18", "The Iron Throne");
INSERT INTO Episode (seasonID, title) VALUES ("19", "Pilot");
INSERT INTO Episode (seasonID, title) VALUES ("19", "The Bicycle Thief");
INSERT INTO Episode (seasonID, title) VALUES ("19", "Come Fly with Me");
INSERT INTO Episode (seasonID, title) VALUES ("19", "The Incident");
INSERT INTO Episode (seasonID, title) VALUES ("19", "Coal Digger");
INSERT INTO Episode (seasonID, title) VALUES ("19", "Run for Your Wife");
INSERT INTO Episode (seasonID, title) VALUES ("19", "En Garde");
INSERT INTO Episode (seasonID, title) VALUES ("19", "Great Expectations");
INSERT INTO Episode (seasonID, title) VALUES ("19", "Fizbo");
INSERT INTO Episode (seasonID, title) VALUES ("19", "Undeck the Halls");
INSERT INTO Episode (seasonID, title) VALUES ("19", "Up All Night");
INSERT INTO Episode (seasonID, title) VALUES ("19", "Not in My House");
INSERT INTO Episode (seasonID, title) VALUES ("19", "Fifteen Percent");
INSERT INTO Episode (seasonID, title) VALUES ("19", "Moon Landing");
INSERT INTO Episode (seasonID, title) VALUES ("19", "My Funky Valentine");
INSERT INTO Episode (seasonID, title) VALUES ("19", "Fears");
INSERT INTO Episode (seasonID, title) VALUES ("19", "Truth Be Told");
INSERT INTO Episode (seasonID, title) VALUES ("19", "Starry Night");
INSERT INTO Episode (seasonID, title) VALUES ("19", "Game Changer");
INSERT INTO Episode (seasonID, title) VALUES ("19", "Benched");
INSERT INTO Episode (seasonID, title) VALUES ("19", "Travels with Scout");
INSERT INTO Episode (seasonID, title) VALUES ("19", "Airport 2010");
INSERT INTO Episode (seasonID, title) VALUES ("19", "Hawaii");
INSERT INTO Episode (seasonID, title) VALUES ("19", "Family Portrait");
INSERT INTO Episode (seasonID, title) VALUES ("20", "The Old Wagon");
INSERT INTO Episode (seasonID, title) VALUES ("20", "The Kiss");
INSERT INTO Episode (seasonID, title) VALUES ("20", "Earthquake");
INSERT INTO Episode (seasonID, title) VALUES ("20", "Strangers on a Treadmill");
INSERT INTO Episode (seasonID, title) VALUES ("20", "Unplugged");
INSERT INTO Episode (seasonID, title) VALUES ("20", "Halloween");
INSERT INTO Episode (seasonID, title) VALUES ("20", "Chirp");
INSERT INTO Episode (seasonID, title) VALUES ("20", "Manny Get Your Gun");
INSERT INTO Episode (seasonID, title) VALUES ("20", "Mother Tucker");
INSERT INTO Episode (seasonID, title) VALUES ("20", "Dance Dance Revelation");
INSERT INTO Episode (seasonID, title) VALUES ("20", "Slow Down Your Neighbors");
INSERT INTO Episode (seasonID, title) VALUES ("20", "Our Children, Ourselves");
INSERT INTO Episode (seasonID, title) VALUES ("20", "Caught in the Act");
INSERT INTO Episode (seasonID, title) VALUES ("20", "Bixby's Back");
INSERT INTO Episode (seasonID, title) VALUES ("20", "Princess Party");
INSERT INTO Episode (seasonID, title) VALUES ("20", "Regrets Only");
INSERT INTO Episode (seasonID, title) VALUES ("20", "Two Monkeys and a Panda");
INSERT INTO Episode (seasonID, title) VALUES ("20", "Boys' Night");
INSERT INTO Episode (seasonID, title) VALUES ("20", "The Musical Man");
INSERT INTO Episode (seasonID, title) VALUES ("20", "Someone to Watch Over Lily");
INSERT INTO Episode (seasonID, title) VALUES ("20", "Mother's Day");
INSERT INTO Episode (seasonID, title) VALUES ("20", "Good Cop Bad Dog");
INSERT INTO Episode (seasonID, title) VALUES ("20", "See You Next Fall");
INSERT INTO Episode (seasonID, title) VALUES ("20", "The One That Got Away");
INSERT INTO Episode (seasonID, title) VALUES ("21", "Dude Ranch");
INSERT INTO Episode (seasonID, title) VALUES ("21", "When Good Kids Go Bad");
INSERT INTO Episode (seasonID, title) VALUES ("21", "Phil on Wire");
INSERT INTO Episode (seasonID, title) VALUES ("21", "Door to Door");
INSERT INTO Episode (seasonID, title) VALUES ("21", "Hit and Run");
INSERT INTO Episode (seasonID, title) VALUES ("21", "Go Bullfrogs!");
INSERT INTO Episode (seasonID, title) VALUES ("21", "Treehouse");
INSERT INTO Episode (seasonID, title) VALUES ("21", "After the Fire");
INSERT INTO Episode (seasonID, title) VALUES ("21", "Punkin Chunkin");
INSERT INTO Episode (seasonID, title) VALUES ("21", "Express Christmas");
INSERT INTO Episode (seasonID, title) VALUES ("21", "Lifetime Supply");
INSERT INTO Episode (seasonID, title) VALUES ("21", "Egg Drop");
INSERT INTO Episode (seasonID, title) VALUES ("21", "Little Bo Bleep");
INSERT INTO Episode (seasonID, title) VALUES ("21", "Me? Jealous?");
INSERT INTO Episode (seasonID, title) VALUES ("21", "Aunt Mommy");
INSERT INTO Episode (seasonID, title) VALUES ("21", "Virgin Territory");
INSERT INTO Episode (seasonID, title) VALUES ("21", "Leap Day");
INSERT INTO Episode (seasonID, title) VALUES ("21", "Send Out the Clowns");
INSERT INTO Episode (seasonID, title) VALUES ("21", "Election Day");
INSERT INTO Episode (seasonID, title) VALUES ("21", "The Last Walt");
INSERT INTO Episode (seasonID, title) VALUES ("21", "Planes, Trains and Cars");
INSERT INTO Episode (seasonID, title) VALUES ("21", "Disneyland");
INSERT INTO Episode (seasonID, title) VALUES ("21", "Tableau Vivant");
INSERT INTO Episode (seasonID, title) VALUES ("21", "Baby on Board");
INSERT INTO Episode (seasonID, title) VALUES ("22", "Bringing Up Baby");
INSERT INTO Episode (seasonID, title) VALUES ("22", "Schooled");
INSERT INTO Episode (seasonID, title) VALUES ("22", "Snip");
INSERT INTO Episode (seasonID, title) VALUES ("22", "The Butler's Escape");
INSERT INTO Episode (seasonID, title) VALUES ("22", "Open House of Horrors");
INSERT INTO Episode (seasonID, title) VALUES ("22", "Yard Sale");
INSERT INTO Episode (seasonID, title) VALUES ("22", "Arrested");
INSERT INTO Episode (seasonID, title) VALUES ("22", "Mistery Date");
INSERT INTO Episode (seasonID, title) VALUES ("22", "When a Tree Falls");
INSERT INTO Episode (seasonID, title) VALUES ("22", "Diamond in the Rough");
INSERT INTO Episode (seasonID, title) VALUES ("22", "New Year's Eve");
INSERT INTO Episode (seasonID, title) VALUES ("22", "Party Crasher");
INSERT INTO Episode (seasonID, title) VALUES ("22", "Fulgencio");
INSERT INTO Episode (seasonID, title) VALUES ("22", "A Slight at the Opera");
INSERT INTO Episode (seasonID, title) VALUES ("22", "Heart Broken");
INSERT INTO Episode (seasonID, title) VALUES ("22", "Bad Hair Day");
INSERT INTO Episode (seasonID, title) VALUES ("22", "Best Men");
INSERT INTO Episode (seasonID, title) VALUES ("22", "The Wow Factor");
INSERT INTO Episode (seasonID, title) VALUES ("22", "The Future Dunphys");
INSERT INTO Episode (seasonID, title) VALUES ("22", "Flip Flop");
INSERT INTO Episode (seasonID, title) VALUES ("22", "Career Day");
INSERT INTO Episode (seasonID, title) VALUES ("22", "My Hero");
INSERT INTO Episode (seasonID, title) VALUES ("22", "Games People Play");
INSERT INTO Episode (seasonID, title) VALUES ("22", "Goodnight Gracie");
INSERT INTO Episode (seasonID, title) VALUES ("23", "Suddenly, Last Summer");
INSERT INTO Episode (seasonID, title) VALUES ("23", "First Days");
INSERT INTO Episode (seasonID, title) VALUES ("23", "Larry's Wife");
INSERT INTO Episode (seasonID, title) VALUES ("23", "Farm Strong");
INSERT INTO Episode (seasonID, title) VALUES ("23", "The Late Show");
INSERT INTO Episode (seasonID, title) VALUES ("23", "The Help");
INSERT INTO Episode (seasonID, title) VALUES ("23", "A Fair to Remember");
INSERT INTO Episode (seasonID, title) VALUES ("23", "ClosetCon '13");
INSERT INTO Episode (seasonID, title) VALUES ("23", "The Big Game");
INSERT INTO Episode (seasonID, title) VALUES ("23", "The Old Man & the Tree");
INSERT INTO Episode (seasonID, title) VALUES ("23", "And One to Grow On");
INSERT INTO Episode (seasonID, title) VALUES ("23", "Under Pressure");
INSERT INTO Episode (seasonID, title) VALUES ("23", "Three Dinners");
INSERT INTO Episode (seasonID, title) VALUES ("23", "iSpy");
INSERT INTO Episode (seasonID, title) VALUES ("23", "The Feud");
INSERT INTO Episode (seasonID, title) VALUES ("23", "Spring-A-Ding-Fling");
INSERT INTO Episode (seasonID, title) VALUES ("23", "Other People's Children");
INSERT INTO Episode (seasonID, title) VALUES ("23", "Vegas");
INSERT INTO Episode (seasonID, title) VALUES ("23", "A Hard Jay's Night");
INSERT INTO Episode (seasonID, title) VALUES ("23", "Australia");
INSERT INTO Episode (seasonID, title) VALUES ("23", "Sleeper");
INSERT INTO Episode (seasonID, title) VALUES ("23", "Message Received");
INSERT INTO Episode (seasonID, title) VALUES ("23", "The Wedding, Part 1");
INSERT INTO Episode (seasonID, title) VALUES ("23", "The Wedding, Part 2");
INSERT INTO Episode (seasonID, title) VALUES ("24", "The Long Honeymoon");
INSERT INTO Episode (seasonID, title) VALUES ("24", "Don't Push");
INSERT INTO Episode (seasonID, title) VALUES ("24", "The Cold");
INSERT INTO Episode (seasonID, title) VALUES ("24", "Marco Polo");
INSERT INTO Episode (seasonID, title) VALUES ("24", "Won't You Be Our Neighbor");
INSERT INTO Episode (seasonID, title) VALUES ("24", "Halloween 3: AwesomeLand");
INSERT INTO Episode (seasonID, title) VALUES ("24", "Queer Eyes, Full Hearts");
INSERT INTO Episode (seasonID, title) VALUES ("24", "Three Turkeys");
INSERT INTO Episode (seasonID, title) VALUES ("24", "Strangers in the Night");
INSERT INTO Episode (seasonID, title) VALUES ("24", "Haley's 21st Birthday");
INSERT INTO Episode (seasonID, title) VALUES ("24", "The Day We Almost Died");
INSERT INTO Episode (seasonID, title) VALUES ("24", "The Big Guns");
INSERT INTO Episode (seasonID, title) VALUES ("24", "Rash Decisions");
INSERT INTO Episode (seasonID, title) VALUES ("24", "Valentine's Day 4: Twisted Sister");
INSERT INTO Episode (seasonID, title) VALUES ("24", "Fight or Flight");
INSERT INTO Episode (seasonID, title) VALUES ("24", "Connection Lost");
INSERT INTO Episode (seasonID, title) VALUES ("24", "Closet? You'll Love It!");
INSERT INTO Episode (seasonID, title) VALUES ("24", "Spring Break");
INSERT INTO Episode (seasonID, title) VALUES ("24", "Grill, Interrupted");
INSERT INTO Episode (seasonID, title) VALUES ("24", "Knock 'Em Down");
INSERT INTO Episode (seasonID, title) VALUES ("24", "Integrity");
INSERT INTO Episode (seasonID, title) VALUES ("24", "Patriot Games");
INSERT INTO Episode (seasonID, title) VALUES ("24", "Crying Out Loud");
INSERT INTO Episode (seasonID, title) VALUES ("24", "American Skyper");
INSERT INTO Episode (seasonID, title) VALUES ("25", "Summer Lovin'");
INSERT INTO Episode (seasonID, title) VALUES ("25", "The Day Alex Left for College");
INSERT INTO Episode (seasonID, title) VALUES ("25", "The Closet Case");
INSERT INTO Episode (seasonID, title) VALUES ("25", "She Crazy");
INSERT INTO Episode (seasonID, title) VALUES ("25", "The Verdict");
INSERT INTO Episode (seasonID, title) VALUES ("25", "The More You Ignore Me");
INSERT INTO Episode (seasonID, title) VALUES ("25", "Phil's Sexy, Sexy House");
INSERT INTO Episode (seasonID, title) VALUES ("25", "Clean Out Your Junk Drawer");
INSERT INTO Episode (seasonID, title) VALUES ("25", "White Christmas");
INSERT INTO Episode (seasonID, title) VALUES ("25", "Playdates");
INSERT INTO Episode (seasonID, title) VALUES ("25", "Spread Your Wings");
INSERT INTO Episode (seasonID, title) VALUES ("25", "Clean for a Day");
INSERT INTO Episode (seasonID, title) VALUES ("25", "Thunk in the Trunk");
INSERT INTO Episode (seasonID, title) VALUES ("25", "The Storm");
INSERT INTO Episode (seasonID, title) VALUES ("25", "I Don't Know How She Does It");
INSERT INTO Episode (seasonID, title) VALUES ("25", "The Cover-Up");
INSERT INTO Episode (seasonID, title) VALUES ("25", "Express Yourself");
INSERT INTO Episode (seasonID, title) VALUES ("25", "The Party");
INSERT INTO Episode (seasonID, title) VALUES ("25", "Man Shouldn't Lie");
INSERT INTO Episode (seasonID, title) VALUES ("25", "Promposal");
INSERT INTO Episode (seasonID, title) VALUES ("25", "Crazy Train");
INSERT INTO Episode (seasonID, title) VALUES ("25", "Double Click");
INSERT INTO Episode (seasonID, title) VALUES ("26", "A Tale of Three Cities");
INSERT INTO Episode (seasonID, title) VALUES ("26", "A Stereotypical Day");
INSERT INTO Episode (seasonID, title) VALUES ("26", "Blindsided");
INSERT INTO Episode (seasonID, title) VALUES ("26", "Weathering Heights");
INSERT INTO Episode (seasonID, title) VALUES ("26", "Halloween 4: The Revenge of Rod Skyhook");
INSERT INTO Episode (seasonID, title) VALUES ("26", "Grab It");
INSERT INTO Episode (seasonID, title) VALUES ("26", "Thanksgiving Jamboree");
INSERT INTO Episode (seasonID, title) VALUES ("26", "The Alliance");
INSERT INTO Episode (seasonID, title) VALUES ("26", "Snow Ball");
INSERT INTO Episode (seasonID, title) VALUES ("26", "Ringmaster Keifth");
INSERT INTO Episode (seasonID, title) VALUES ("26", "Sarge & Pea");
INSERT INTO Episode (seasonID, title) VALUES ("26", "Do You Believe in Magic");
INSERT INTO Episode (seasonID, title) VALUES ("26", "Do It Yourself");
INSERT INTO Episode (seasonID, title) VALUES ("26", "Heavy Is the Head");
INSERT INTO Episode (seasonID, title) VALUES ("26", "Finding Fizbo");
INSERT INTO Episode (seasonID, title) VALUES ("26", "Basketball");
INSERT INTO Episode (seasonID, title) VALUES ("26", "Pig Moon Rising");
INSERT INTO Episode (seasonID, title) VALUES ("26", "Five Minutes");
INSERT INTO Episode (seasonID, title) VALUES ("26", "Frank's Wedding");
INSERT INTO Episode (seasonID, title) VALUES ("26", "All Things Being Equal");
INSERT INTO Episode (seasonID, title) VALUES ("26", "Alone Time");
INSERT INTO Episode (seasonID, title) VALUES ("26", "The Graduates");
INSERT INTO Episode (seasonID, title) VALUES ("27", "Lake Life");
INSERT INTO Episode (seasonID, title) VALUES ("27", "The Long Goodbye");
INSERT INTO Episode (seasonID, title) VALUES ("27", "Catch of the Day");
INSERT INTO Episode (seasonID, title) VALUES ("27", "Sex, Lies & Kickball");
INSERT INTO Episode (seasonID, title) VALUES ("27", "It's the Great Pumpkin, Phil Dunphy");
INSERT INTO Episode (seasonID, title) VALUES ("27", "Ten Years Later");
INSERT INTO Episode (seasonID, title) VALUES ("27", "Winner Winner Turkey Dinner");
INSERT INTO Episode (seasonID, title) VALUES ("27", "Brushes with Celebrity");
INSERT INTO Episode (seasonID, title) VALUES ("27", "Tough Love");
INSERT INTO Episode (seasonID, title) VALUES ("27", "No Small Feet");
INSERT INTO Episode (seasonID, title) VALUES ("27", "He Said, She Shed");
INSERT INTO Episode (seasonID, title) VALUES ("27", "Dear Beloved Family");
INSERT INTO Episode (seasonID, title) VALUES ("27", "In Your Head");
INSERT INTO Episode (seasonID, title) VALUES ("27", "Written in the Stars");
INSERT INTO Episode (seasonID, title) VALUES ("27", "Spanks for the Memories");
INSERT INTO Episode (seasonID, title) VALUES ("27", "Wine Weekend");
INSERT INTO Episode (seasonID, title) VALUES ("27", "Royal Visit");
INSERT INTO Episode (seasonID, title) VALUES ("27", "Daddy Issues");
INSERT INTO Episode (seasonID, title) VALUES ("27", "CHiPs and Salsa");
INSERT INTO Episode (seasonID, title) VALUES ("27", "Mother!");
INSERT INTO Episode (seasonID, title) VALUES ("27", "The Escape");
INSERT INTO Episode (seasonID, title) VALUES ("27", "Clash of Swords");
INSERT INTO Episode (seasonID, title) VALUES ("28", "I Love a Parade");
INSERT INTO Episode (seasonID, title) VALUES ("28", "Kiss and Tell");
INSERT INTO Episode (seasonID, title) VALUES ("28", "A Sketchy Area");
INSERT INTO Episode (seasonID, title) VALUES ("28", "Torn Between Two Lovers");
INSERT INTO Episode (seasonID, title) VALUES ("28", "Good Grief");
INSERT INTO Episode (seasonID, title) VALUES ("28", "On the Same Paige");
INSERT INTO Episode (seasonID, title) VALUES ("28", "Did the Chicken Cross the Road?");
INSERT INTO Episode (seasonID, title) VALUES ("28", "Kids These Days");
INSERT INTO Episode (seasonID, title) VALUES ("28", "Putting Down Roots");
INSERT INTO Episode (seasonID, title) VALUES ("28", "Stuck in a Moment");
INSERT INTO Episode (seasonID, title) VALUES ("28", "A Moving Day");
INSERT INTO Episode (seasonID, title) VALUES ("28", "Blasts from the Past");
INSERT INTO Episode (seasonID, title) VALUES ("28", "Whanex?");
INSERT INTO Episode (seasonID, title) VALUES ("28", "We Need to Talk About Lily");
INSERT INTO Episode (seasonID, title) VALUES ("28", "SuperShowerBabyBowl");
INSERT INTO Episode (seasonID, title) VALUES ("28", "Red Alert");
INSERT INTO Episode (seasonID, title) VALUES ("28", "The Wild");
INSERT INTO Episode (seasonID, title) VALUES ("28", "Stand by Your Man");
INSERT INTO Episode (seasonID, title) VALUES ("28", "Yes-Woman");
INSERT INTO Episode (seasonID, title) VALUES ("28", "Can't Elope");
INSERT INTO Episode (seasonID, title) VALUES ("28", "Commencement");
INSERT INTO Episode (seasonID, title) VALUES ("28", "A Year of Birthdays");
INSERT INTO Episode (seasonID, title) VALUES ("29", "New Kids on the Block");
INSERT INTO Episode (seasonID, title) VALUES ("29", "Snapped");
INSERT INTO Episode (seasonID, title) VALUES ("29", "Perfect Pairs");
INSERT INTO Episode (seasonID, title) VALUES ("29", "Pool Party");
INSERT INTO Episode (seasonID, title) VALUES ("29", "The Last Halloween");
INSERT INTO Episode (seasonID, title) VALUES ("29", "A Game of Chicken");
INSERT INTO Episode (seasonID, title) VALUES ("29", "The Last Thanksgiving");
INSERT INTO Episode (seasonID, title) VALUES ("29", "Tree's a Crowd");
INSERT INTO Episode (seasonID, title) VALUES ("29", "The Last Christmas");
INSERT INTO Episode (seasonID, title) VALUES ("29", "The Prescott");
INSERT INTO Episode (seasonID, title) VALUES ("29", "Legacy");
INSERT INTO Episode (seasonID, title) VALUES ("29", "Dead on a Rival");
INSERT INTO Episode (seasonID, title) VALUES ("29", "Paris");
INSERT INTO Episode (seasonID, title) VALUES ("29", "Spuds");
INSERT INTO Episode (seasonID, title) VALUES ("29", "Baby Steps");
INSERT INTO Episode (seasonID, title) VALUES ("29", "I'm Going to Miss This");
INSERT INTO Episode (seasonID, title) VALUES ("29", "Finale Part 1");
INSERT INTO Episode (seasonID, title) VALUES ("29", "Finale Part 2");
INSERT INTO Episode (seasonID, title) VALUES ("30", "Shito, Shuurai");
INSERT INTO Episode (seasonID, title) VALUES ("30", "Mishiranu, Tenjou");
INSERT INTO Episode (seasonID, title) VALUES ("30", "Naranai, Denwa");
INSERT INTO Episode (seasonID, title) VALUES ("30", "Ame, Nigedashita Ato");
INSERT INTO Episode (seasonID, title) VALUES ("30", "Rei, Kokoro no Mukou ni");
INSERT INTO Episode (seasonID, title) VALUES ("30", "Kessen, Dai 3 Shin Tokyo Shi");
INSERT INTO Episode (seasonID, title) VALUES ("30", "Hito no Tsukurishi Mono");
INSERT INTO Episode (seasonID, title) VALUES ("30", "Asuka, Rainichi");
INSERT INTO Episode (seasonID, title) VALUES ("30", "Shunkan, Kokoro, Kasanete");
INSERT INTO Episode (seasonID, title) VALUES ("30", "Magmadiver");
INSERT INTO Episode (seasonID, title) VALUES ("30", "Seishi Shita Yami no Naka de");
INSERT INTO Episode (seasonID, title) VALUES ("30", "Kiseki no Kachi wa");
INSERT INTO Episode (seasonID, title) VALUES ("30", "Shito, Shin'nyuu");
INSERT INTO Episode (seasonID, title) VALUES ("30", "Seele, Tamashii no Za");
INSERT INTO Episode (seasonID, title) VALUES ("30", "Uso to Chinmoku");
INSERT INTO Episode (seasonID, title) VALUES ("30", "Shi ni Itaru Yamai, Soshite");
INSERT INTO Episode (seasonID, title) VALUES ("30", "Yonin Me no Tekikakusha");
INSERT INTO Episode (seasonID, title) VALUES ("30", "Inochi no Sentaku o");
INSERT INTO Episode (seasonID, title) VALUES ("30", "Otoko no Tatakai");
INSERT INTO Episode (seasonID, title) VALUES ("30", "Kokoro no Katachi, Hito no Katachi");
INSERT INTO Episode (seasonID, title) VALUES ("30", "NERV, Tanjou");
INSERT INTO Episode (seasonID, title) VALUES ("30", "Semete, Ningen Rashiku");
INSERT INTO Episode (seasonID, title) VALUES ("30", "Namida");
INSERT INTO Episode (seasonID, title) VALUES ("30", "Saigo no Shisha");
INSERT INTO Episode (seasonID, title) VALUES ("30", "Owaru Sekai");
INSERT INTO Episode (seasonID, title) VALUES ("30", "Sekai no Chuushin de Ai o Sakenda Kemono");
INSERT INTO Episode (seasonID, title) VALUES ("31", "Pilot");
INSERT INTO Episode (seasonID, title) VALUES ("31", "The Last Nice Guy In New York");
INSERT INTO Episode (seasonID, title) VALUES ("31", "Maybe");
INSERT INTO Episode (seasonID, title) VALUES ("31", "The Captain");
INSERT INTO Episode (seasonID, title) VALUES ("31", "Living with the Enemy");
INSERT INTO Episode (seasonID, title) VALUES ("31", "Amour Fou");
INSERT INTO Episode (seasonID, title) VALUES ("31", "Everythingship");
INSERT INTO Episode (seasonID, title) VALUES ("31", "You Got Me, Babe");
INSERT INTO Episode (seasonID, title) VALUES ("31", "Candace");
INSERT INTO Episode (seasonID, title) VALUES ("31", "Bluebeard's Castle");
INSERT INTO Episode (seasonID, title) VALUES ("32", "A Fresh Start");
INSERT INTO Episode (seasonID, title) VALUES ("32", "Just the Tip");
INSERT INTO Episode (seasonID, title) VALUES ("32", "What Are Friends For?");
INSERT INTO Episode (seasonID, title) VALUES ("32", "The Good, the Bad, & the Hendy");
INSERT INTO Episode (seasonID, title) VALUES ("32", "Have a Good Wellkend, Joe!");
INSERT INTO Episode (seasonID, title) VALUES ("32", "Farewell, My Bunny");
INSERT INTO Episode (seasonID, title) VALUES ("32", "Ex-istential Crisis");
INSERT INTO Episode (seasonID, title) VALUES ("32", "Fear and Loathing in Beverly Hills");
INSERT INTO Episode (seasonID, title) VALUES ("32", "P.I. Joe");
INSERT INTO Episode (seasonID, title) VALUES ("32", "Love, Actually");
INSERT INTO Episode (seasonID, title) VALUES ("33", "And They Lived Happily Ever After");
INSERT INTO Episode (seasonID, title) VALUES ("33", "Episode #3.2");
INSERT INTO Episode (seasonID, title) VALUES ("33", "Missing White Woman Syndrome");
INSERT INTO Episode (seasonID, title) VALUES ("33", "Hands Across Madre Linda");
INSERT INTO Episode (seasonID, title) VALUES ("33", "Episode #3.5");
INSERT INTO Episode (seasonID, title) VALUES ("33", "W.O.M.B.");
INSERT INTO Episode (seasonID, title) VALUES ("33", "We're All Mad Here");
INSERT INTO Episode (seasonID, title) VALUES ("33", "Episode #3.8");
INSERT INTO Episode (seasonID, title) VALUES ("33", "Red Flag");
INSERT INTO Episode (seasonID, title) VALUES ("33", "Episode #3.10");
INSERT INTO Episode (seasonID, title) VALUES ("34", "The Shores of the Cosmic Ocean");
INSERT INTO Episode (seasonID, title) VALUES ("34", "One Voice in the Cosmic Fugue");
INSERT INTO Episode (seasonID, title) VALUES ("34", "Harmony of the Worlds");
INSERT INTO Episode (seasonID, title) VALUES ("34", "Heaven and Hell");
INSERT INTO Episode (seasonID, title) VALUES ("34", "Blues for a Red Planet");
INSERT INTO Episode (seasonID, title) VALUES ("34", "Travellers' Tales");
INSERT INTO Episode (seasonID, title) VALUES ("34", "The Backbone of Night");
INSERT INTO Episode (seasonID, title) VALUES ("34", "Journeys in Space and Time");
INSERT INTO Episode (seasonID, title) VALUES ("34", "The Lives of the Stars");
INSERT INTO Episode (seasonID, title) VALUES ("34", "The Edge of Forever");
INSERT INTO Episode (seasonID, title) VALUES ("34", "The Persistence of Memory");
INSERT INTO Episode (seasonID, title) VALUES ("34", "Encyclopaedia Galactica");
INSERT INTO Episode (seasonID, title) VALUES ("34", "Who Speaks for Earth?");
INSERT INTO Episode (seasonID, title) VALUES ("35", "Episode #1.1");
INSERT INTO Episode (seasonID, title) VALUES ("35", "Some Mysteries Are Better Left Unsolved");
INSERT INTO Episode (seasonID, title) VALUES ("35", "The Base Violence Necessary for Change");
INSERT INTO Episode (seasonID, title) VALUES ("35", "Happy Progress Day!");
INSERT INTO Episode (seasonID, title) VALUES ("35", "Everybody Wants to Be My Enemy");
INSERT INTO Episode (seasonID, title) VALUES ("35", "When These Walls Come Tumbling Down");
INSERT INTO Episode (seasonID, title) VALUES ("35", "The Boy Savior");
INSERT INTO Episode (seasonID, title) VALUES ("35", "Oil and Water");
INSERT INTO Episode (seasonID, title) VALUES ("35", "The Monster You Created");
INSERT INTO Episode (seasonID, title) VALUES ("36", "Episode #1.1");
INSERT INTO Episode (seasonID, title) VALUES ("36", "Episode #1.2");
INSERT INTO Episode (seasonID, title) VALUES ("36", "Episode #1.3");
INSERT INTO Episode (seasonID, title) VALUES ("36", "Episode #1.4");
INSERT INTO Episode (seasonID, title) VALUES ("36", "Episode #1.5");
INSERT INTO Episode (seasonID, title) VALUES ("36", "Episode #1.6");
INSERT INTO Episode (seasonID, title) VALUES ("37", "Episode #2.1");
INSERT INTO Episode (seasonID, title) VALUES ("37", "Episode #2.2");
INSERT INTO Episode (seasonID, title) VALUES ("37", "Episode #2.3");
INSERT INTO Episode (seasonID, title) VALUES ("37", "Episode #2.4");
INSERT INTO Episode (seasonID, title) VALUES ("37", "Episode #2.5");
INSERT INTO Episode (seasonID, title) VALUES ("37", "Episode #2.6");
INSERT INTO Episode (seasonID, title) VALUES ("38", "Episode #3.1");
INSERT INTO Episode (seasonID, title) VALUES ("38", "Episode #3.2");
INSERT INTO Episode (seasonID, title) VALUES ("38", "Episode #3.3");
INSERT INTO Episode (seasonID, title) VALUES ("38", "Episode #3.4");
INSERT INTO Episode (seasonID, title) VALUES ("38", "Episode #3.5");
INSERT INTO Episode (seasonID, title) VALUES ("38", "Episode #3.6");
INSERT INTO Episode (seasonID, title) VALUES ("39", "The Noose");
INSERT INTO Episode (seasonID, title) VALUES ("39", "Heathens");
INSERT INTO Episode (seasonID, title) VALUES ("39", "Blackbird");
INSERT INTO Episode (seasonID, title) VALUES ("39", "Dangerous");
INSERT INTO Episode (seasonID, title) VALUES ("39", "The Duel");
INSERT INTO Episode (seasonID, title) VALUES ("39", "The Company");
INSERT INTO Episode (seasonID, title) VALUES ("40", "Black Tuesday");
INSERT INTO Episode (seasonID, title) VALUES ("40", "Black Cats");
INSERT INTO Episode (seasonID, title) VALUES ("40", "Strategy");
INSERT INTO Episode (seasonID, title) VALUES ("40", "The Loop");
INSERT INTO Episode (seasonID, title) VALUES ("40", "The Shock");
INSERT INTO Episode (seasonID, title) VALUES ("40", "Mr. Jones");
INSERT INTO Episode (seasonID, title) VALUES ("41", "Black Day");
INSERT INTO Episode (seasonID, title) VALUES ("41", "Episode #6.2");
INSERT INTO Episode (seasonID, title) VALUES ("41", "Episode #6.3");
INSERT INTO Episode (seasonID, title) VALUES ("41", "Episode #6.4");
INSERT INTO Episode (seasonID, title) VALUES ("41", "Episode #6.5");
INSERT INTO Episode (seasonID, title) VALUES ("41", "Episode #6.6");

INSERT INTO Ceremony (year, name) VALUES ("2020", "The Oscars");
INSERT INTO Ceremony (year, name) VALUES ("2022", "The Emmys");

INSERT INTO Category (name, type) VALUES ("Best Actor", "Contributor");
INSERT INTO Category (name, type) VALUES ("Best Director", "Contributor");
INSERT INTO Category (name, type) VALUES ("Best Writer", "Contributor");
INSERT INTO Category (name, type) VALUES ("Best Movie", "Movie");
INSERT INTO Category (name, type) VALUES ("Worst Movie", "Movie");
INSERT INTO Category (name, type) VALUES ("Best Series", "Series");

INSERT INTO ContentContributorCategoryCeremony (contentID, categoryID, ceremonyID, contributorID, winner) VALUES ("0081505","1", "1","0000197", "True");
INSERT INTO ContentContributorCategoryCeremony (contentID, categoryID, ceremonyID, contributorID, winner) VALUES ("7286456","1", "1","5939164", "False");
INSERT INTO ContentContributorCategoryCeremony (contentID, categoryID, ceremonyID, contributorID, winner) VALUES ("0133093","2", "1","0905152", "True");
INSERT INTO ContentContributorCategoryCeremony (contentID, categoryID, ceremonyID, contributorID, winner) VALUES ("0368226","2", "1","1382072", "False");
INSERT INTO ContentContributorCategoryCeremony (contentID, categoryID, ceremonyID, contributorID, winner) VALUES ("0112159","3", "1","0030417", "True");
INSERT INTO ContentContributorCategoryCeremony (contentID, categoryID, ceremonyID, contributorID, winner) VALUES ("6264654","3", "1","1073238", "False");
INSERT INTO ContentContributorCategoryCeremony (contentID, categoryID, ceremonyID, contributorID, winner) VALUES ("6264654","4", "1",NULL, "True");
INSERT INTO ContentContributorCategoryCeremony (contentID, categoryID, ceremonyID, contributorID, winner) VALUES ("0133093","4", "1",NULL, "False");
INSERT INTO ContentContributorCategoryCeremony (contentID, categoryID, ceremonyID, contributorID, winner) VALUES ("0133093","5", "1",NULL, "True");
INSERT INTO ContentContributorCategoryCeremony (contentID, categoryID, ceremonyID, contributorID, winner) VALUES ("6264654","5", "1",NULL, "False");
INSERT INTO ContentContributorCategoryCeremony (contentID, categoryID, ceremonyID, contributorID, winner) VALUES ("0081846","6", "1",NULL, "True");
INSERT INTO ContentContributorCategoryCeremony (contentID, categoryID, ceremonyID, contributorID, winner) VALUES ("0903747","6", "1",NULL, "False");
INSERT INTO ContentContributorCategoryCeremony (contentID, categoryID, ceremonyID, contributorID, winner) VALUES ("7286456","1", "2","0798788", "True");
INSERT INTO ContentContributorCategoryCeremony (contentID, categoryID, ceremonyID, contributorID, winner) VALUES ("0368226","1", "2","1382072", "False");
INSERT INTO ContentContributorCategoryCeremony (contentID, categoryID, ceremonyID, contributorID, winner) VALUES ("10872600","2", "2","1218281", "True");
INSERT INTO ContentContributorCategoryCeremony (contentID, categoryID, ceremonyID, contributorID, winner) VALUES ("7286456","2", "2","0680846", "False");
INSERT INTO ContentContributorCategoryCeremony (contentID, categoryID, ceremonyID, contributorID, winner) VALUES ("0081505","3", "2","0000175", "True");
INSERT INTO ContentContributorCategoryCeremony (contentID, categoryID, ceremonyID, contributorID, winner) VALUES ("6264654","3", "2","1073238", "False");
INSERT INTO ContentContributorCategoryCeremony (contentID, categoryID, ceremonyID, contributorID, winner) VALUES ("0068646","4", "2",NULL, "True");
INSERT INTO ContentContributorCategoryCeremony (contentID, categoryID, ceremonyID, contributorID, winner) VALUES ("0081505","4", "2",NULL, "False");
INSERT INTO ContentContributorCategoryCeremony (contentID, categoryID, ceremonyID, contributorID, winner) VALUES ("0133093","5", "2",NULL, "True");
INSERT INTO ContentContributorCategoryCeremony (contentID, categoryID, ceremonyID, contributorID, winner) VALUES ("0903747","5", "2",NULL, "False");
INSERT INTO ContentContributorCategoryCeremony (contentID, categoryID, ceremonyID, contributorID, winner) VALUES ("9140554","6", "2",NULL, "True");
INSERT INTO ContentContributorCategoryCeremony (contentID, categoryID, ceremonyID, contributorID, winner) VALUES ("0903747","6", "2",NULL, "False");

INSERT INTO PartOfGenre (genreID, contentID) VALUES ("1", "4574334");
INSERT INTO PartOfGenre (genreID, contentID) VALUES ("2", "4574334");
INSERT INTO PartOfGenre (genreID, contentID) VALUES ("3", "4574334");
INSERT INTO PartOfGenre (genreID, contentID) VALUES ("4", "9140554");
INSERT INTO PartOfGenre (genreID, contentID) VALUES ("5", "9140554");
INSERT INTO PartOfGenre (genreID, contentID) VALUES ("2", "9140554");
INSERT INTO PartOfGenre (genreID, contentID) VALUES ("6", "0903747");
INSERT INTO PartOfGenre (genreID, contentID) VALUES ("1", "0903747");
INSERT INTO PartOfGenre (genreID, contentID) VALUES ("7", "0903747");
INSERT INTO PartOfGenre (genreID, contentID) VALUES ("4", "0944947");
INSERT INTO PartOfGenre (genreID, contentID) VALUES ("5", "0944947");
INSERT INTO PartOfGenre (genreID, contentID) VALUES ("1", "0944947");
INSERT INTO PartOfGenre (genreID, contentID) VALUES ("8", "1442437");
INSERT INTO PartOfGenre (genreID, contentID) VALUES ("1", "1442437");
INSERT INTO PartOfGenre (genreID, contentID) VALUES ("9", "1442437");
INSERT INTO PartOfGenre (genreID, contentID) VALUES ("10", "0112159");
INSERT INTO PartOfGenre (genreID, contentID) VALUES ("4", "0112159");
INSERT INTO PartOfGenre (genreID, contentID) VALUES ("1", "0112159");
INSERT INTO PartOfGenre (genreID, contentID) VALUES ("6", "7335184");
INSERT INTO PartOfGenre (genreID, contentID) VALUES ("1", "7335184");
INSERT INTO PartOfGenre (genreID, contentID) VALUES ("9", "7335184");
INSERT INTO PartOfGenre (genreID, contentID) VALUES ("11", "0081846");
INSERT INTO PartOfGenre (genreID, contentID) VALUES ("10", "11126994");
INSERT INTO PartOfGenre (genreID, contentID) VALUES ("4", "11126994");
INSERT INTO PartOfGenre (genreID, contentID) VALUES ("5", "11126994");
INSERT INTO PartOfGenre (genreID, contentID) VALUES ("6", "2442560");
INSERT INTO PartOfGenre (genreID, contentID) VALUES ("1", "2442560");
INSERT INTO PartOfGenre (genreID, contentID) VALUES ("10", "0245429");
INSERT INTO PartOfGenre (genreID, contentID) VALUES ("5", "0245429");
INSERT INTO PartOfGenre (genreID, contentID) VALUES ("12", "0245429");
INSERT INTO PartOfGenre (genreID, contentID) VALUES ("1", "0120338");
INSERT INTO PartOfGenre (genreID, contentID) VALUES ("9", "0120338");
INSERT INTO PartOfGenre (genreID, contentID) VALUES ("8", "0027977");
INSERT INTO PartOfGenre (genreID, contentID) VALUES ("1", "0027977");
INSERT INTO PartOfGenre (genreID, contentID) VALUES ("12", "0027977");
INSERT INTO PartOfGenre (genreID, contentID) VALUES ("6", "7286456");
INSERT INTO PartOfGenre (genreID, contentID) VALUES ("1", "7286456");
INSERT INTO PartOfGenre (genreID, contentID) VALUES ("7", "7286456");
INSERT INTO PartOfGenre (genreID, contentID) VALUES ("4", "0133093");
INSERT INTO PartOfGenre (genreID, contentID) VALUES ("13", "0133093");
INSERT INTO PartOfGenre (genreID, contentID) VALUES ("1", "0368226");
INSERT INTO PartOfGenre (genreID, contentID) VALUES ("4", "6264654");
INSERT INTO PartOfGenre (genreID, contentID) VALUES ("5", "6264654");
INSERT INTO PartOfGenre (genreID, contentID) VALUES ("8", "6264654");
INSERT INTO PartOfGenre (genreID, contentID) VALUES ("1", "0081505");
INSERT INTO PartOfGenre (genreID, contentID) VALUES ("3", "0081505");
INSERT INTO PartOfGenre (genreID, contentID) VALUES ("6", "0068646");
INSERT INTO PartOfGenre (genreID, contentID) VALUES ("1", "0068646");
INSERT INTO PartOfGenre (genreID, contentID) VALUES ("4", "10872600");
INSERT INTO PartOfGenre (genreID, contentID) VALUES ("5", "10872600");
INSERT INTO PartOfGenre (genreID, contentID) VALUES ("13", "10872600");

INSERT INTO ReviewEp (reviewerID, episodeID, score, comment) VALUES ("1", "1", "86.0", "Mid");
INSERT INTO ReviewEp (reviewerID, episodeID, score) VALUES ("1", "2", NULL);
INSERT INTO ReviewEp (reviewerID, episodeID, score) VALUES ("1", "3", "89.0");
INSERT INTO ReviewEp (reviewerID, episodeID, score) VALUES ("1", "4", "90");
INSERT INTO ReviewEp (reviewerID, episodeID, score) VALUES ("1", "5", "88.0");
INSERT INTO ReviewEp (reviewerID, episodeID, score) VALUES ("1", "6", "89.0");
INSERT INTO ReviewEp (reviewerID, episodeID, score) VALUES ("1", "7", "91.0");
INSERT INTO ReviewEp (reviewerID, episodeID, score, comment) VALUES ("1", "8", "94.0", "Pretty good!");
INSERT INTO ReviewEp (reviewerID, episodeID, score) VALUES ("1", "9", "83.0");
INSERT INTO ReviewEp (reviewerID, episodeID, score) VALUES ("1", "10", "84.0");
INSERT INTO ReviewEp (reviewerID, episodeID, score) VALUES ("1", "11", "86.0");
INSERT INTO ReviewEp (reviewerID, episodeID, score) VALUES ("1", "12", "87.0");
INSERT INTO ReviewEp (reviewerID, episodeID, score) VALUES ("1", "13", "89.0");
INSERT INTO ReviewEp (reviewerID, episodeID, score) VALUES ("1", "14", "92.0");
INSERT INTO ReviewEp (reviewerID, episodeID, score) VALUES ("1", "15", NULL);
INSERT INTO ReviewEp (reviewerID, episodeID, score) VALUES ("1", "16", "93.0");
INSERT INTO ReviewEp (reviewerID, episodeID, score) VALUES ("1", "17", NULL);
INSERT INTO ReviewEp (reviewerID, episodeID, score) VALUES ("1", "18", "79.0");
INSERT INTO ReviewEp (reviewerID, episodeID, score) VALUES ("1", "19", "80");
INSERT INTO ReviewEp (reviewerID, episodeID, score) VALUES ("1", "20", "84.0");
INSERT INTO ReviewEp (reviewerID, episodeID, score) VALUES ("1", "21", "89.0");
INSERT INTO ReviewEp (reviewerID, episodeID, score) VALUES ("1", "22", "86.0");
INSERT INTO ReviewEp (reviewerID, episodeID, score) VALUES ("1", "23", "86.0");
INSERT INTO ReviewEp (reviewerID, episodeID, score) VALUES ("1", "24", "88.0");
INSERT INTO ReviewEp (reviewerID, episodeID, score, comment) VALUES ("1", "25", "93.0", "This is amazing!");
INSERT INTO ReviewEp (reviewerID, episodeID, score) VALUES ("1", "26", NULL);
INSERT INTO ReviewEp (reviewerID, episodeID, score) VALUES ("1", "27", NULL);
INSERT INTO ReviewEp (reviewerID, episodeID, score) VALUES ("1", "28", NULL);
INSERT INTO ReviewEp (reviewerID, episodeID, score) VALUES ("1", "29", NULL);
INSERT INTO ReviewEp (reviewerID, episodeID, score) VALUES ("1", "30", NULL);
INSERT INTO ReviewEp (reviewerID, episodeID, score) VALUES ("1", "31", NULL);
INSERT INTO ReviewEp (reviewerID, episodeID, score) VALUES ("1", "32", NULL);
INSERT INTO ReviewEp (reviewerID, episodeID, score) VALUES ("1", "33", NULL);
INSERT INTO ReviewEp (reviewerID, episodeID, score) VALUES ("1", "34", NULL);
INSERT INTO ReviewEp (reviewerID, episodeID, score) VALUES ("1", "35", "87.0");
INSERT INTO ReviewEp (reviewerID, episodeID, score) VALUES ("1", "36", "89.0");
INSERT INTO ReviewEp (reviewerID, episodeID, score) VALUES ("1", "37", NULL);
INSERT INTO ReviewEp (reviewerID, episodeID, score) VALUES ("1", "38", "92.0");
INSERT INTO ReviewEp (reviewerID, episodeID, score) VALUES ("1", "39", "90");
INSERT INTO ReviewEp (reviewerID, episodeID, score) VALUES ("1", "40", "88.0");
INSERT INTO ReviewEp (reviewerID, episodeID, score) VALUES ("1", "41", "91.0");
INSERT INTO ReviewEp (reviewerID, episodeID, score) VALUES ("1", "42", "87.0");
INSERT INTO ReviewEp (reviewerID, episodeID, score) VALUES ("1", "43", NULL);
INSERT INTO ReviewEp (reviewerID, episodeID, score) VALUES ("1", "44", "83.0");
INSERT INTO ReviewEp (reviewerID, episodeID, score) VALUES ("1", "45", "84.0");
INSERT INTO ReviewEp (reviewerID, episodeID, score) VALUES ("1", "46", NULL);
INSERT INTO ReviewEp (reviewerID, episodeID, score) VALUES ("1", "47", "89.0");
INSERT INTO ReviewEp (reviewerID, episodeID, score) VALUES ("1", "48", "87.0");
INSERT INTO ReviewEp (reviewerID, episodeID, score) VALUES ("1", "49", "93.0");
INSERT INTO ReviewEp (reviewerID, episodeID, score) VALUES ("1", "50", "84.0");
INSERT INTO ReviewEp (reviewerID, episodeID, score) VALUES ("1", "51", "83.0");
INSERT INTO ReviewEp (reviewerID, episodeID, score) VALUES ("1", "52", NULL);
INSERT INTO ReviewEp (reviewerID, episodeID, score) VALUES ("1", "53", "89.0");
INSERT INTO ReviewEp (reviewerID, episodeID, score) VALUES ("1", "54", "87.0");
INSERT INTO ReviewEp (reviewerID, episodeID, score) VALUES ("1", "55", "92.0");
INSERT INTO ReviewEp (reviewerID, episodeID, score) VALUES ("1", "56", "92.0");
INSERT INTO ReviewEp (reviewerID, episodeID, score) VALUES ("1", "57", "86.0");
INSERT INTO ReviewEp (reviewerID, episodeID, score) VALUES ("1", "58", "89.0");
INSERT INTO ReviewEp (reviewerID, episodeID, score) VALUES ("1", "59", "93.0");
INSERT INTO ReviewEp (reviewerID, episodeID, score) VALUES ("1", "60", "93.0");
INSERT INTO ReviewEp (reviewerID, episodeID, score) VALUES ("1", "61", NULL);
INSERT INTO ReviewEp (reviewerID, episodeID, score) VALUES ("1", "62", "87.0");
INSERT INTO ReviewEp (reviewerID, episodeID, score) VALUES ("1", "63", "85.0");
INSERT INTO ReviewEp (reviewerID, episodeID, score) VALUES ("1", "64", "83.0");
INSERT INTO ReviewEp (reviewerID, episodeID, score) VALUES ("1", "65", "87.0");
INSERT INTO ReviewEp (reviewerID, episodeID, score) VALUES ("1", "66", "93.0");
INSERT INTO ReviewEp (reviewerID, episodeID, score) VALUES ("1", "67", NULL);
INSERT INTO ReviewEp (reviewerID, episodeID, score) VALUES ("1", "68", "88.0");
INSERT INTO ReviewEp (reviewerID, episodeID, score) VALUES ("1", "69", NULL);
INSERT INTO ReviewEp (reviewerID, episodeID, score) VALUES ("1", "70", NULL);
INSERT INTO ReviewEp (reviewerID, episodeID, score) VALUES ("1", "71", "85.0");
INSERT INTO ReviewEp (reviewerID, episodeID, score) VALUES ("1", "72", NULL);
INSERT INTO ReviewEp (reviewerID, episodeID, score) VALUES ("1", "73", NULL);
INSERT INTO ReviewEp (reviewerID, episodeID, score) VALUES ("1", "74", "93.0");
INSERT INTO ReviewEp (reviewerID, episodeID, score) VALUES ("1", "75", "83.0");
INSERT INTO ReviewEp (reviewerID, episodeID, score) VALUES ("1", "76", "81.0");
INSERT INTO ReviewEp (reviewerID, episodeID, score) VALUES ("1", "77", "87.0");
INSERT INTO ReviewEp (reviewerID, episodeID, score) VALUES ("1", "78", "87.0");
INSERT INTO ReviewEp (reviewerID, episodeID, score) VALUES ("1", "79", "85.0");
INSERT INTO ReviewEp (reviewerID, episodeID, score) VALUES ("1", "80", "89.0");
INSERT INTO ReviewEp (reviewerID, episodeID, score) VALUES ("1", "81", "93.0");
INSERT INTO ReviewEp (reviewerID, episodeID, score) VALUES ("1", "82", "89.0");
INSERT INTO ReviewEp (reviewerID, episodeID, score) VALUES ("1", "83", NULL);
INSERT INTO ReviewEp (reviewerID, episodeID, score) VALUES ("1", "84", "97.0");
INSERT INTO ReviewEp (reviewerID, episodeID, score) VALUES ("1", "85", "95.0");
INSERT INTO ReviewEp (reviewerID, episodeID, score) VALUES ("1", "86", "99.0");
INSERT INTO ReviewEp (reviewerID, episodeID, score) VALUES ("1", "87", "93.0");
INSERT INTO ReviewEp (reviewerID, episodeID, score) VALUES ("1", "88", "89.0");
INSERT INTO ReviewEp (reviewerID, episodeID, score) VALUES ("1", "89", "89.0");
INSERT INTO ReviewEp (reviewerID, episodeID, score) VALUES ("1", "90", "89.0");
INSERT INTO ReviewEp (reviewerID, episodeID, score) VALUES ("1", "91", "97.0");
INSERT INTO ReviewEp (reviewerID, episodeID, score) VALUES ("1", "92", "91.0");
INSERT INTO ReviewEp (reviewerID, episodeID, score) VALUES ("1", "93", NULL);
INSERT INTO ReviewEp (reviewerID, episodeID, score, comment) VALUES ("1", "94", "96.0", "I'd rather not have watched that...");
INSERT INTO ReviewEp (reviewerID, episodeID, score) VALUES ("1", "95", "95.0");
INSERT INTO ReviewEp (reviewerID, episodeID, score) VALUES ("1", "96", "92.0");
INSERT INTO ReviewEp (reviewerID, episodeID, score) VALUES ("1", "97", NULL);
INSERT INTO ReviewEp (reviewerID, episodeID, score) VALUES ("1", "98", "92.0");
INSERT INTO ReviewEp (reviewerID, episodeID, score) VALUES ("1", "99", "98.0");
INSERT INTO ReviewEp (reviewerID, episodeID, score) VALUES ("1", "100", "100");
INSERT INTO ReviewEp (reviewerID, episodeID, score) VALUES ("1", "101", "97.0");
INSERT INTO ReviewEp (reviewerID, episodeID, score) VALUES ("1", "102", "99.0");
INSERT INTO ReviewEp (reviewerID, episodeID, score) VALUES ("1", "103", "91.0");
INSERT INTO ReviewEp (reviewerID, episodeID, score) VALUES ("1", "104", "88.0");
INSERT INTO ReviewEp (reviewerID, episodeID, score) VALUES ("1", "105", "87.0");
INSERT INTO ReviewEp (reviewerID, episodeID, score) VALUES ("1", "106", "88.0");
INSERT INTO ReviewEp (reviewerID, episodeID, score) VALUES ("1", "107", "91.0");
INSERT INTO ReviewEp (reviewerID, episodeID, score) VALUES ("1", "108", "92.0");
INSERT INTO ReviewEp (reviewerID, episodeID, score) VALUES ("1", "109", "92.0");
INSERT INTO ReviewEp (reviewerID, episodeID, score) VALUES ("1", "110", "90");
INSERT INTO ReviewEp (reviewerID, episodeID, score) VALUES ("1", "111", "96.0");
INSERT INTO ReviewEp (reviewerID, episodeID, score) VALUES ("1", "112", "95.0");
INSERT INTO ReviewEp (reviewerID, episodeID, score) VALUES ("1", "113", "88.0");
INSERT INTO ReviewEp (reviewerID, episodeID, score) VALUES ("1", "114", "85.0");
INSERT INTO ReviewEp (reviewerID, episodeID, score) VALUES ("1", "115", "88.0");
INSERT INTO ReviewEp (reviewerID, episodeID, score) VALUES ("1", "116", "88.0");
INSERT INTO ReviewEp (reviewerID, episodeID, score) VALUES ("1", "117", "88.0");
INSERT INTO ReviewEp (reviewerID, episodeID, score) VALUES ("1", "118", "91.0");
INSERT INTO ReviewEp (reviewerID, episodeID, score) VALUES ("1", "119", "89.0");
INSERT INTO ReviewEp (reviewerID, episodeID, score) VALUES ("1", "120", "88.0");
INSERT INTO ReviewEp (reviewerID, episodeID, score) VALUES ("1", "121", "97.0");
INSERT INTO ReviewEp (reviewerID, episodeID, score) VALUES ("1", "122", "94.0");
INSERT INTO ReviewEp (reviewerID, episodeID, score) VALUES ("1", "123", "88.0");
INSERT INTO ReviewEp (reviewerID, episodeID, score) VALUES ("1", "124", "86.0");
INSERT INTO ReviewEp (reviewerID, episodeID, score) VALUES ("1", "125", "89.0");
INSERT INTO ReviewEp (reviewerID, episodeID, score) VALUES ("1", "126", "96.0");
INSERT INTO ReviewEp (reviewerID, episodeID, score) VALUES ("1", "127", "90");
INSERT INTO ReviewEp (reviewerID, episodeID, score) VALUES ("1", "128", "88.0");
INSERT INTO ReviewEp (reviewerID, episodeID, score) VALUES ("1", "129", NULL);
INSERT INTO ReviewEp (reviewerID, episodeID, score) VALUES ("1", "130", "90");
INSERT INTO ReviewEp (reviewerID, episodeID, score) VALUES ("1", "131", "99.0");
INSERT INTO ReviewEp (reviewerID, episodeID, score) VALUES ("1", "132", NULL);
INSERT INTO ReviewEp (reviewerID, episodeID, score) VALUES ("1", "133", "91.0");
INSERT INTO ReviewEp (reviewerID, episodeID, score) VALUES ("1", "134", "97.0");
INSERT INTO ReviewEp (reviewerID, episodeID, score) VALUES ("1", "135", "89.0");
INSERT INTO ReviewEp (reviewerID, episodeID, score) VALUES ("1", "136", "88.0");
INSERT INTO ReviewEp (reviewerID, episodeID, score) VALUES ("1", "137", "88.0");
INSERT INTO ReviewEp (reviewerID, episodeID, score) VALUES ("1", "138", "97.0");
INSERT INTO ReviewEp (reviewerID, episodeID, score) VALUES ("1", "139", "91.0");
INSERT INTO ReviewEp (reviewerID, episodeID, score) VALUES ("1", "140", "97.0");
INSERT INTO ReviewEp (reviewerID, episodeID, score) VALUES ("1", "141", "96.0");
INSERT INTO ReviewEp (reviewerID, episodeID, score) VALUES ("1", "142", "97.0");
INSERT INTO ReviewEp (reviewerID, episodeID, score) VALUES ("1", "143", "85.0");
INSERT INTO ReviewEp (reviewerID, episodeID, score) VALUES ("1", "144", "85.0");
INSERT INTO ReviewEp (reviewerID, episodeID, score) VALUES ("1", "145", "85.0");
INSERT INTO ReviewEp (reviewerID, episodeID, score) VALUES ("1", "146", "87.0");
INSERT INTO ReviewEp (reviewerID, episodeID, score) VALUES ("1", "147", "86.0");
INSERT INTO ReviewEp (reviewerID, episodeID, score) VALUES ("1", "148", "80");
INSERT INTO ReviewEp (reviewerID, episodeID, score) VALUES ("1", "149", "90");
INSERT INTO ReviewEp (reviewerID, episodeID, score) VALUES ("1", "150", "99.0");
INSERT INTO ReviewEp (reviewerID, episodeID, score) VALUES ("1", "151", "95.0");
INSERT INTO ReviewEp (reviewerID, episodeID, score) VALUES ("1", "152", "91.0");
INSERT INTO ReviewEp (reviewerID, episodeID, score) VALUES ("1", "153", "85.0");
INSERT INTO ReviewEp (reviewerID, episodeID, score) VALUES ("1", "154", "94.0");
INSERT INTO ReviewEp (reviewerID, episodeID, score) VALUES ("1", "155", "87.0");
INSERT INTO ReviewEp (reviewerID, episodeID, score) VALUES ("1", "156", NULL);
INSERT INTO ReviewEp (reviewerID, episodeID, score) VALUES ("1", "157", "97.0");
INSERT INTO ReviewEp (reviewerID, episodeID, score) VALUES ("1", "158", "84.0");
INSERT INTO ReviewEp (reviewerID, episodeID, score) VALUES ("1", "159", "86.0");
INSERT INTO ReviewEp (reviewerID, episodeID, score) VALUES ("1", "160", "84.0");
INSERT INTO ReviewEp (reviewerID, episodeID, score) VALUES ("1", "161", "99.0");
INSERT INTO ReviewEp (reviewerID, episodeID, score) VALUES ("1", "162", "99.0");
INSERT INTO ReviewEp (reviewerID, episodeID, score) VALUES ("1", "163", "86.0");
INSERT INTO ReviewEp (reviewerID, episodeID, score) VALUES ("1", "164", "89.0");
INSERT INTO ReviewEp (reviewerID, episodeID, score) VALUES ("1", "165", "92.0");
INSERT INTO ReviewEp (reviewerID, episodeID, score) VALUES ("1", "166", "98.0");
INSERT INTO ReviewEp (reviewerID, episodeID, score) VALUES ("1", "167", "88.0");
INSERT INTO ReviewEp (reviewerID, episodeID, score) VALUES ("1", "168", NULL);
INSERT INTO ReviewEp (reviewerID, episodeID, score) VALUES ("1", "169", "94.0");
INSERT INTO ReviewEp (reviewerID, episodeID, score) VALUES ("1", "170", "75.0");
INSERT INTO ReviewEp (reviewerID, episodeID, score) VALUES ("1", "171", "78.0");
INSERT INTO ReviewEp (reviewerID, episodeID, score) VALUES ("1", "172", "74.0");
INSERT INTO ReviewEp (reviewerID, episodeID, score) VALUES ("1", "173", "54.0");
INSERT INTO ReviewEp (reviewerID, episodeID, score) VALUES ("1", "174", "59.0");
INSERT INTO ReviewEp (reviewerID, episodeID, score) VALUES ("1", "175", "40");
INSERT INTO ReviewEp (reviewerID, episodeID, score) VALUES ("1", "176", "82.0");
INSERT INTO ReviewEp (reviewerID, episodeID, score) VALUES ("1", "177", NULL);
INSERT INTO ReviewEp (reviewerID, episodeID, score) VALUES ("1", "178", "80");
INSERT INTO ReviewEp (reviewerID, episodeID, score) VALUES ("1", "179", "82.0");
INSERT INTO ReviewEp (reviewerID, episodeID, score) VALUES ("1", "180", "83.0");
INSERT INTO ReviewEp (reviewerID, episodeID, score) VALUES ("1", "181", "78.0");
INSERT INTO ReviewEp (reviewerID, episodeID, score) VALUES ("1", "182", NULL);
INSERT INTO ReviewEp (reviewerID, episodeID, score) VALUES ("1", "183", "79.0");
INSERT INTO ReviewEp (reviewerID, episodeID, score) VALUES ("1", "184", NULL);
INSERT INTO ReviewEp (reviewerID, episodeID, score) VALUES ("1", "185", NULL);
INSERT INTO ReviewEp (reviewerID, episodeID, score) VALUES ("1", "186", NULL);
INSERT INTO ReviewEp (reviewerID, episodeID, score) VALUES ("1", "187", NULL);
INSERT INTO ReviewEp (reviewerID, episodeID, score) VALUES ("1", "188", NULL);
INSERT INTO ReviewEp (reviewerID, episodeID, score) VALUES ("1", "189", "81.0");
INSERT INTO ReviewEp (reviewerID, episodeID, score) VALUES ("1", "190", NULL);
INSERT INTO ReviewEp (reviewerID, episodeID, score) VALUES ("1", "191", NULL);
INSERT INTO ReviewEp (reviewerID, episodeID, score) VALUES ("1", "192", NULL);
INSERT INTO ReviewEp (reviewerID, episodeID, score) VALUES ("1", "193", NULL);
INSERT INTO ReviewEp (reviewerID, episodeID, score) VALUES ("1", "194", "79.0");
INSERT INTO ReviewEp (reviewerID, episodeID, score) VALUES ("1", "195", NULL);
INSERT INTO ReviewEp (reviewerID, episodeID, score) VALUES ("1", "196", NULL);
INSERT INTO ReviewEp (reviewerID, episodeID, score) VALUES ("1", "197", "82.0");
INSERT INTO ReviewEp (reviewerID, episodeID, score) VALUES ("1", "198", "85.0");
INSERT INTO ReviewEp (reviewerID, episodeID, score) VALUES ("1", "199", "86.0");
INSERT INTO ReviewEp (reviewerID, episodeID, score) VALUES ("1", "200", NULL);
INSERT INTO ReviewEp (reviewerID, episodeID, score) VALUES ("1", "201", NULL);
INSERT INTO ReviewEp (reviewerID, episodeID, score) VALUES ("1", "202", NULL);
INSERT INTO ReviewEp (reviewerID, episodeID, score) VALUES ("1", "203", "80");
INSERT INTO ReviewEp (reviewerID, episodeID, score) VALUES ("1", "204", NULL);
INSERT INTO ReviewEp (reviewerID, episodeID, score) VALUES ("1", "205", NULL);
INSERT INTO ReviewEp (reviewerID, episodeID, score) VALUES ("1", "206", "77.0");
INSERT INTO ReviewEp (reviewerID, episodeID, score) VALUES ("1", "207", "84.0");
INSERT INTO ReviewEp (reviewerID, episodeID, score) VALUES ("1", "208", "76.0");
INSERT INTO ReviewEp (reviewerID, episodeID, score) VALUES ("1", "209", "75.0");
INSERT INTO ReviewEp (reviewerID, episodeID, score) VALUES ("1", "210", NULL);
INSERT INTO ReviewEp (reviewerID, episodeID, score) VALUES ("1", "211", NULL);
INSERT INTO ReviewEp (reviewerID, episodeID, score) VALUES ("1", "212", NULL);
INSERT INTO ReviewEp (reviewerID, episodeID, score) VALUES ("1", "213", NULL);
INSERT INTO ReviewEp (reviewerID, episodeID, score) VALUES ("1", "214", NULL);
INSERT INTO ReviewEp (reviewerID, episodeID, score) VALUES ("1", "215", NULL);
INSERT INTO ReviewEp (reviewerID, episodeID, score) VALUES ("1", "216", NULL);
INSERT INTO ReviewEp (reviewerID, episodeID, score) VALUES ("1", "217", NULL);
INSERT INTO ReviewEp (reviewerID, episodeID, score) VALUES ("1", "218", "82.0");
INSERT INTO ReviewEp (reviewerID, episodeID, score) VALUES ("1", "219", NULL);
INSERT INTO ReviewEp (reviewerID, episodeID, score) VALUES ("1", "220", NULL);
INSERT INTO ReviewEp (reviewerID, episodeID, score) VALUES ("1", "221", NULL);
INSERT INTO ReviewEp (reviewerID, episodeID, score) VALUES ("1", "222", NULL);
INSERT INTO ReviewEp (reviewerID, episodeID, score) VALUES ("1", "223", NULL);
INSERT INTO ReviewEp (reviewerID, episodeID, score) VALUES ("1", "224", "79.0");
INSERT INTO ReviewEp (reviewerID, episodeID, score) VALUES ("1", "225", "81.0");
INSERT INTO ReviewEp (reviewerID, episodeID, score) VALUES ("1", "226", NULL);
INSERT INTO ReviewEp (reviewerID, episodeID, score) VALUES ("1", "227", NULL);
INSERT INTO ReviewEp (reviewerID, episodeID, score) VALUES ("1", "228", NULL);
INSERT INTO ReviewEp (reviewerID, episodeID, score) VALUES ("1", "229", NULL);
INSERT INTO ReviewEp (reviewerID, episodeID, score) VALUES ("1", "230", NULL);
INSERT INTO ReviewEp (reviewerID, episodeID, score) VALUES ("1", "231", "78.0");
INSERT INTO ReviewEp (reviewerID, episodeID, score) VALUES ("1", "232", NULL);
INSERT INTO ReviewEp (reviewerID, episodeID, score) VALUES ("1", "233", "81.0");
INSERT INTO ReviewEp (reviewerID, episodeID, score) VALUES ("1", "234", NULL);
INSERT INTO ReviewEp (reviewerID, episodeID, score) VALUES ("1", "235", "77.0");
INSERT INTO ReviewEp (reviewerID, episodeID, score) VALUES ("1", "236", NULL);
INSERT INTO ReviewEp (reviewerID, episodeID, score) VALUES ("1", "237", "79.0");
INSERT INTO ReviewEp (reviewerID, episodeID, score) VALUES ("1", "238", NULL);
INSERT INTO ReviewEp (reviewerID, episodeID, score) VALUES ("1", "239", NULL);
INSERT INTO ReviewEp (reviewerID, episodeID, score) VALUES ("1", "240", NULL);
INSERT INTO ReviewEp (reviewerID, episodeID, score) VALUES ("1", "241", NULL);
INSERT INTO ReviewEp (reviewerID, episodeID, score) VALUES ("1", "242", NULL);
INSERT INTO ReviewEp (reviewerID, episodeID, score) VALUES ("1", "243", "76.0");
INSERT INTO ReviewEp (reviewerID, episodeID, score) VALUES ("1", "244", "77.0");
INSERT INTO ReviewEp (reviewerID, episodeID, score) VALUES ("1", "245", "82.0");
INSERT INTO ReviewEp (reviewerID, episodeID, score) VALUES ("1", "246", NULL);
INSERT INTO ReviewEp (reviewerID, episodeID, score) VALUES ("1", "247", NULL);
INSERT INTO ReviewEp (reviewerID, episodeID, score) VALUES ("1", "248", NULL);
INSERT INTO ReviewEp (reviewerID, episodeID, score) VALUES ("1", "249", NULL);
INSERT INTO ReviewEp (reviewerID, episodeID, score) VALUES ("1", "250", NULL);
INSERT INTO ReviewEp (reviewerID, episodeID, score) VALUES ("1", "251", NULL);
INSERT INTO ReviewEp (reviewerID, episodeID, score) VALUES ("1", "252", NULL);
INSERT INTO ReviewEp (reviewerID, episodeID, score) VALUES ("1", "253", "78.0");
INSERT INTO ReviewEp (reviewerID, episodeID, score) VALUES ("1", "254", "85.0");
INSERT INTO ReviewEp (reviewerID, episodeID, score) VALUES ("1", "255", "82.0");
INSERT INTO ReviewEp (reviewerID, episodeID, score) VALUES ("1", "256", "77.0");
INSERT INTO ReviewEp (reviewerID, episodeID, score) VALUES ("1", "257", NULL);
INSERT INTO ReviewEp (reviewerID, episodeID, score) VALUES ("1", "258", "81.0");
INSERT INTO ReviewEp (reviewerID, episodeID, score) VALUES ("1", "259", NULL);
INSERT INTO ReviewEp (reviewerID, episodeID, score) VALUES ("1", "260", "89.0");
INSERT INTO ReviewEp (reviewerID, episodeID, score) VALUES ("1", "261", "76.0");
INSERT INTO ReviewEp (reviewerID, episodeID, score) VALUES ("1", "262", "77.0");
INSERT INTO ReviewEp (reviewerID, episodeID, score) VALUES ("1", "263", NULL);
INSERT INTO ReviewEp (reviewerID, episodeID, score) VALUES ("1", "264", NULL);
INSERT INTO ReviewEp (reviewerID, episodeID, score) VALUES ("1", "265", "77.0");
INSERT INTO ReviewEp (reviewerID, episodeID, score) VALUES ("1", "266", NULL);
INSERT INTO ReviewEp (reviewerID, episodeID, score) VALUES ("1", "267", NULL);
INSERT INTO ReviewEp (reviewerID, episodeID, score) VALUES ("1", "268", NULL);
INSERT INTO ReviewEp (reviewerID, episodeID, score) VALUES ("1", "269", NULL);
INSERT INTO ReviewEp (reviewerID, episodeID, score) VALUES ("1", "270", NULL);
INSERT INTO ReviewEp (reviewerID, episodeID, score) VALUES ("1", "271", "82.0");
INSERT INTO ReviewEp (reviewerID, episodeID, score) VALUES ("1", "272", "81.0");
INSERT INTO ReviewEp (reviewerID, episodeID, score) VALUES ("1", "273", "78.0");
INSERT INTO ReviewEp (reviewerID, episodeID, score) VALUES ("1", "274", NULL);
INSERT INTO ReviewEp (reviewerID, episodeID, score) VALUES ("1", "275", "77.0");
INSERT INTO ReviewEp (reviewerID, episodeID, score) VALUES ("1", "276", "81.0");
INSERT INTO ReviewEp (reviewerID, episodeID, score) VALUES ("1", "277", NULL);
INSERT INTO ReviewEp (reviewerID, episodeID, score) VALUES ("1", "278", NULL);
INSERT INTO ReviewEp (reviewerID, episodeID, score) VALUES ("1", "279", NULL);
INSERT INTO ReviewEp (reviewerID, episodeID, score) VALUES ("1", "280", "75.0");
INSERT INTO ReviewEp (reviewerID, episodeID, score) VALUES ("1", "281", NULL);
INSERT INTO ReviewEp (reviewerID, episodeID, score) VALUES ("1", "282", "75.0");
INSERT INTO ReviewEp (reviewerID, episodeID, score) VALUES ("1", "283", "85.0");
INSERT INTO ReviewEp (reviewerID, episodeID, score) VALUES ("1", "284", NULL);
INSERT INTO ReviewEp (reviewerID, episodeID, score) VALUES ("1", "285", "79.0");
INSERT INTO ReviewEp (reviewerID, episodeID, score) VALUES ("1", "286", NULL);
INSERT INTO ReviewEp (reviewerID, episodeID, score) VALUES ("1", "287", NULL);
INSERT INTO ReviewEp (reviewerID, episodeID, score) VALUES ("1", "288", "79.0");
INSERT INTO ReviewEp (reviewerID, episodeID, score) VALUES ("1", "289", "92.0");
INSERT INTO ReviewEp (reviewerID, episodeID, score) VALUES ("1", "290", "77.0");
INSERT INTO ReviewEp (reviewerID, episodeID, score) VALUES ("1", "291", "81.0");
INSERT INTO ReviewEp (reviewerID, episodeID, score) VALUES ("1", "292", NULL);
INSERT INTO ReviewEp (reviewerID, episodeID, score) VALUES ("1", "293", NULL);
INSERT INTO ReviewEp (reviewerID, episodeID, score) VALUES ("1", "294", NULL);
INSERT INTO ReviewEp (reviewerID, episodeID, score) VALUES ("1", "295", "86.0");
INSERT INTO ReviewEp (reviewerID, episodeID, score) VALUES ("1", "296", NULL);
INSERT INTO ReviewEp (reviewerID, episodeID, score) VALUES ("1", "297", NULL);
INSERT INTO ReviewEp (reviewerID, episodeID, score) VALUES ("1", "298", NULL);
INSERT INTO ReviewEp (reviewerID, episodeID, score) VALUES ("1", "299", "79.0");
INSERT INTO ReviewEp (reviewerID, episodeID, score) VALUES ("1", "300", NULL);
INSERT INTO ReviewEp (reviewerID, episodeID, score) VALUES ("1", "301", NULL);
INSERT INTO ReviewEp (reviewerID, episodeID, score) VALUES ("1", "302", NULL);
INSERT INTO ReviewEp (reviewerID, episodeID, score) VALUES ("1", "303", "84.0");
INSERT INTO ReviewEp (reviewerID, episodeID, score) VALUES ("1", "304", NULL);
INSERT INTO ReviewEp (reviewerID, episodeID, score) VALUES ("1", "305", NULL);
INSERT INTO ReviewEp (reviewerID, episodeID, score) VALUES ("1", "306", "83.0");
INSERT INTO ReviewEp (reviewerID, episodeID, score) VALUES ("1", "307", "76.0");
INSERT INTO ReviewEp (reviewerID, episodeID, score) VALUES ("1", "308", NULL);
INSERT INTO ReviewEp (reviewerID, episodeID, score) VALUES ("1", "309", NULL);
INSERT INTO ReviewEp (reviewerID, episodeID, score) VALUES ("1", "310", "79.0");
INSERT INTO ReviewEp (reviewerID, episodeID, score) VALUES ("1", "311", "95.0");
INSERT INTO ReviewEp (reviewerID, episodeID, score) VALUES ("1", "312", NULL);
INSERT INTO ReviewEp (reviewerID, episodeID, score) VALUES ("1", "313", NULL);
INSERT INTO ReviewEp (reviewerID, episodeID, score) VALUES ("1", "314", NULL);
INSERT INTO ReviewEp (reviewerID, episodeID, score) VALUES ("1", "315", NULL);
INSERT INTO ReviewEp (reviewerID, episodeID, score) VALUES ("1", "316", "77.0");
INSERT INTO ReviewEp (reviewerID, episodeID, score) VALUES ("1", "317", NULL);
INSERT INTO ReviewEp (reviewerID, episodeID, score) VALUES ("1", "318", "83.0");
INSERT INTO ReviewEp (reviewerID, episodeID, score) VALUES ("1", "319", "88.0");
INSERT INTO ReviewEp (reviewerID, episodeID, score) VALUES ("1", "320", "78.0");
INSERT INTO ReviewEp (reviewerID, episodeID, score) VALUES ("1", "321", "77.0");
INSERT INTO ReviewEp (reviewerID, episodeID, score) VALUES ("1", "322", "78.0");
INSERT INTO ReviewEp (reviewerID, episodeID, score) VALUES ("1", "323", "77.0");
INSERT INTO ReviewEp (reviewerID, episodeID, score) VALUES ("1", "324", "74.0");
INSERT INTO ReviewEp (reviewerID, episodeID, score) VALUES ("1", "325", "75.0");
INSERT INTO ReviewEp (reviewerID, episodeID, score) VALUES ("1", "326", "87.0");
INSERT INTO ReviewEp (reviewerID, episodeID, score) VALUES ("1", "327", "79.0");
INSERT INTO ReviewEp (reviewerID, episodeID, score) VALUES ("1", "328", "83.0");
INSERT INTO ReviewEp (reviewerID, episodeID, score) VALUES ("1", "329", "76.0");
INSERT INTO ReviewEp (reviewerID, episodeID, score) VALUES ("1", "330", "80");
INSERT INTO ReviewEp (reviewerID, episodeID, score) VALUES ("1", "331", NULL);
INSERT INTO ReviewEp (reviewerID, episodeID, score) VALUES ("1", "332", NULL);
INSERT INTO ReviewEp (reviewerID, episodeID, score) VALUES ("1", "333", "81.0");
INSERT INTO ReviewEp (reviewerID, episodeID, score) VALUES ("1", "334", "76.0");
INSERT INTO ReviewEp (reviewerID, episodeID, score) VALUES ("1", "335", "81.0");
INSERT INTO ReviewEp (reviewerID, episodeID, score) VALUES ("1", "336", "77.0");
INSERT INTO ReviewEp (reviewerID, episodeID, score) VALUES ("1", "337", "87.0");
INSERT INTO ReviewEp (reviewerID, episodeID, score) VALUES ("1", "338", "77.0");
INSERT INTO ReviewEp (reviewerID, episodeID, score) VALUES ("1", "339", "75.0");
INSERT INTO ReviewEp (reviewerID, episodeID, score) VALUES ("1", "340", "80");
INSERT INTO ReviewEp (reviewerID, episodeID, score) VALUES ("1", "341", "82.0");
INSERT INTO ReviewEp (reviewerID, episodeID, score) VALUES ("1", "342", "81.0");
INSERT INTO ReviewEp (reviewerID, episodeID, score) VALUES ("1", "343", "76.0");
INSERT INTO ReviewEp (reviewerID, episodeID, score) VALUES ("1", "344", NULL);
INSERT INTO ReviewEp (reviewerID, episodeID, score) VALUES ("1", "345", "76.0");
INSERT INTO ReviewEp (reviewerID, episodeID, score) VALUES ("1", "346", NULL);
INSERT INTO ReviewEp (reviewerID, episodeID, score) VALUES ("1", "347", "72.0");
INSERT INTO ReviewEp (reviewerID, episodeID, score) VALUES ("1", "348", "73.0");
INSERT INTO ReviewEp (reviewerID, episodeID, score) VALUES ("1", "349", "84.0");
INSERT INTO ReviewEp (reviewerID, episodeID, score) VALUES ("1", "350", "73.0");
INSERT INTO ReviewEp (reviewerID, episodeID, score) VALUES ("1", "351", NULL);
INSERT INTO ReviewEp (reviewerID, episodeID, score) VALUES ("1", "352", "72.0");
INSERT INTO ReviewEp (reviewerID, episodeID, score) VALUES ("1", "353", "78.0");
INSERT INTO ReviewEp (reviewerID, episodeID, score) VALUES ("1", "354", "73.0");
INSERT INTO ReviewEp (reviewerID, episodeID, score) VALUES ("1", "355", "72.0");
INSERT INTO ReviewEp (reviewerID, episodeID, score) VALUES ("1", "356", "68.0");
INSERT INTO ReviewEp (reviewerID, episodeID, score) VALUES ("1", "357", NULL);
INSERT INTO ReviewEp (reviewerID, episodeID, score) VALUES ("1", "358", "76.0");
INSERT INTO ReviewEp (reviewerID, episodeID, score) VALUES ("1", "359", "76.0");
INSERT INTO ReviewEp (reviewerID, episodeID, score) VALUES ("1", "360", "74.0");
INSERT INTO ReviewEp (reviewerID, episodeID, score) VALUES ("1", "361", "60");
INSERT INTO ReviewEp (reviewerID, episodeID, score) VALUES ("1", "362", "77.0");
INSERT INTO ReviewEp (reviewerID, episodeID, score) VALUES ("1", "363", "78.0");
INSERT INTO ReviewEp (reviewerID, episodeID, score) VALUES ("1", "364", "79.0");
INSERT INTO ReviewEp (reviewerID, episodeID, score) VALUES ("1", "365", "73.0");
INSERT INTO ReviewEp (reviewerID, episodeID, score) VALUES ("1", "366", "74.0");
INSERT INTO ReviewEp (reviewerID, episodeID, score) VALUES ("1", "367", "71.0");
INSERT INTO ReviewEp (reviewerID, episodeID, score) VALUES ("1", "368", NULL);
INSERT INTO ReviewEp (reviewerID, episodeID, score) VALUES ("1", "369", "73.0");
INSERT INTO ReviewEp (reviewerID, episodeID, score) VALUES ("1", "370", "77.0");
INSERT INTO ReviewEp (reviewerID, episodeID, score) VALUES ("1", "371", NULL);
INSERT INTO ReviewEp (reviewerID, episodeID, score) VALUES ("1", "372", "72.0");
INSERT INTO ReviewEp (reviewerID, episodeID, score) VALUES ("1", "373", NULL);
INSERT INTO ReviewEp (reviewerID, episodeID, score) VALUES ("1", "374", "71.0");
INSERT INTO ReviewEp (reviewerID, episodeID, score) VALUES ("1", "375", "74.0");
INSERT INTO ReviewEp (reviewerID, episodeID, score) VALUES ("1", "376", "73.0");
INSERT INTO ReviewEp (reviewerID, episodeID, score) VALUES ("1", "377", "75.0");
INSERT INTO ReviewEp (reviewerID, episodeID, score) VALUES ("1", "378", "69.0");
INSERT INTO ReviewEp (reviewerID, episodeID, score) VALUES ("1", "379", NULL);
INSERT INTO ReviewEp (reviewerID, episodeID, score) VALUES ("1", "380", "72.0");
INSERT INTO ReviewEp (reviewerID, episodeID, score) VALUES ("1", "381", "82.0");
INSERT INTO ReviewEp (reviewerID, episodeID, score) VALUES ("1", "382", "70");
INSERT INTO ReviewEp (reviewerID, episodeID, score) VALUES ("1", "383", "74.0");
INSERT INTO ReviewEp (reviewerID, episodeID, score) VALUES ("1", "384", "75.0");
INSERT INTO ReviewEp (reviewerID, episodeID, score) VALUES ("1", "385", "67.0");
INSERT INTO ReviewEp (reviewerID, episodeID, score) VALUES ("1", "386", "67.0");
INSERT INTO ReviewEp (reviewerID, episodeID, score) VALUES ("1", "387", "80");
INSERT INTO ReviewEp (reviewerID, episodeID, score) VALUES ("1", "388", "72.0");
INSERT INTO ReviewEp (reviewerID, episodeID, score) VALUES ("1", "389", "73.0");
INSERT INTO ReviewEp (reviewerID, episodeID, score) VALUES ("1", "390", "73.0");
INSERT INTO ReviewEp (reviewerID, episodeID, score) VALUES ("1", "391", "75.0");
INSERT INTO ReviewEp (reviewerID, episodeID, score) VALUES ("1", "392", "74.0");
INSERT INTO ReviewEp (reviewerID, episodeID, score) VALUES ("1", "393", "72.0");
INSERT INTO ReviewEp (reviewerID, episodeID, score) VALUES ("1", "394", "75.0");
INSERT INTO ReviewEp (reviewerID, episodeID, score) VALUES ("1", "395", "75.0");
INSERT INTO ReviewEp (reviewerID, episodeID, score) VALUES ("1", "396", "70");
INSERT INTO ReviewEp (reviewerID, episodeID, score) VALUES ("1", "397", "67.0");
INSERT INTO ReviewEp (reviewerID, episodeID, score) VALUES ("1", "398", "68.0");
INSERT INTO ReviewEp (reviewerID, episodeID, score) VALUES ("1", "399", "73.0");
INSERT INTO ReviewEp (reviewerID, episodeID, score) VALUES ("1", "400", "72.0");
INSERT INTO ReviewEp (reviewerID, episodeID, score) VALUES ("1", "401", "69.0");
INSERT INTO ReviewEp (reviewerID, episodeID, score) VALUES ("1", "402", "72.0");
INSERT INTO ReviewEp (reviewerID, episodeID, score) VALUES ("1", "403", "72.0");
INSERT INTO ReviewEp (reviewerID, episodeID, score) VALUES ("1", "404", "75.0");
INSERT INTO ReviewEp (reviewerID, episodeID, score) VALUES ("1", "405", "80");
INSERT INTO ReviewEp (reviewerID, episodeID, score) VALUES ("1", "406", "72.0");
INSERT INTO ReviewEp (reviewerID, episodeID, score) VALUES ("1", "407", "87.0");
INSERT INTO ReviewEp (reviewerID, episodeID, score) VALUES ("1", "408", "66.0");
INSERT INTO ReviewEp (reviewerID, episodeID, score) VALUES ("1", "409", "73.0");
INSERT INTO ReviewEp (reviewerID, episodeID, score) VALUES ("1", "410", "72.0");
INSERT INTO ReviewEp (reviewerID, episodeID, score) VALUES ("1", "411", "71.0");
INSERT INTO ReviewEp (reviewerID, episodeID, score) VALUES ("1", "412", "78.0");
INSERT INTO ReviewEp (reviewerID, episodeID, score) VALUES ("1", "413", "68.0");
INSERT INTO ReviewEp (reviewerID, episodeID, score) VALUES ("1", "414", "73.0");
INSERT INTO ReviewEp (reviewerID, episodeID, score) VALUES ("1", "415", "70");
INSERT INTO ReviewEp (reviewerID, episodeID, score) VALUES ("1", "416", "76.0");
INSERT INTO ReviewEp (reviewerID, episodeID, score) VALUES ("1", "417", NULL);
INSERT INTO ReviewEp (reviewerID, episodeID, score) VALUES ("1", "418", "77.0");
INSERT INTO ReviewEp (reviewerID, episodeID, score) VALUES ("1", "419", "69.0");
INSERT INTO ReviewEp (reviewerID, episodeID, score) VALUES ("1", "420", "77.0");
INSERT INTO ReviewEp (reviewerID, episodeID, score) VALUES ("1", "421", "76.0");
INSERT INTO ReviewEp (reviewerID, episodeID, score) VALUES ("1", "422", "73.0");
INSERT INTO ReviewEp (reviewerID, episodeID, score) VALUES ("1", "423", "73.0");
INSERT INTO ReviewEp (reviewerID, episodeID, score) VALUES ("1", "424", "83.0");
INSERT INTO ReviewEp (reviewerID, episodeID, score) VALUES ("1", "425", "86.0");
INSERT INTO ReviewEp (reviewerID, episodeID, score) VALUES ("1", "426", "78.0");
INSERT INTO ReviewEp (reviewerID, episodeID, score) VALUES ("1", "427", NULL);
INSERT INTO ReviewEp (reviewerID, episodeID, score) VALUES ("1", "428", "78.0");
INSERT INTO ReviewEp (reviewerID, episodeID, score) VALUES ("1", "429", "77.0");
INSERT INTO ReviewEp (reviewerID, episodeID, score) VALUES ("1", "430", "79.0");
INSERT INTO ReviewEp (reviewerID, episodeID, score) VALUES ("1", "431", "84.0");
INSERT INTO ReviewEp (reviewerID, episodeID, score) VALUES ("1", "432", NULL);
INSERT INTO ReviewEp (reviewerID, episodeID, score) VALUES ("1", "433", NULL);
INSERT INTO ReviewEp (reviewerID, episodeID, score) VALUES ("1", "434", "82.0");
INSERT INTO ReviewEp (reviewerID, episodeID, score) VALUES ("1", "435", "75.0");
INSERT INTO ReviewEp (reviewerID, episodeID, score) VALUES ("1", "436", NULL);
INSERT INTO ReviewEp (reviewerID, episodeID, score) VALUES ("1", "437", "80");
INSERT INTO ReviewEp (reviewerID, episodeID, score) VALUES ("1", "438", NULL);
INSERT INTO ReviewEp (reviewerID, episodeID, score) VALUES ("1", "439", "71.0");
INSERT INTO ReviewEp (reviewerID, episodeID, score) VALUES ("1", "440", NULL);
INSERT INTO ReviewEp (reviewerID, episodeID, score) VALUES ("1", "441", "89.0");
INSERT INTO ReviewEp (reviewerID, episodeID, score) VALUES ("1", "442", NULL);
INSERT INTO ReviewEp (reviewerID, episodeID, score) VALUES ("1", "443", "90");
INSERT INTO ReviewEp (reviewerID, episodeID, score) VALUES ("1", "444", "93.0");
INSERT INTO ReviewEp (reviewerID, episodeID, score) VALUES ("1", "445", "87.0");
INSERT INTO ReviewEp (reviewerID, episodeID, score) VALUES ("1", "446", NULL);
INSERT INTO ReviewEp (reviewerID, episodeID, score) VALUES ("1", "447", NULL);
INSERT INTO ReviewEp (reviewerID, episodeID, score) VALUES ("1", "448", NULL);
INSERT INTO ReviewEp (reviewerID, episodeID, score) VALUES ("1", "449", "88.0");
INSERT INTO ReviewEp (reviewerID, episodeID, score) VALUES ("1", "450", "79.0");
INSERT INTO ReviewEp (reviewerID, episodeID, score) VALUES ("1", "451", "81.0");
INSERT INTO ReviewEp (reviewerID, episodeID, score) VALUES ("1", "452", "82.0");
INSERT INTO ReviewEp (reviewerID, episodeID, score) VALUES ("1", "453", NULL);
INSERT INTO ReviewEp (reviewerID, episodeID, score) VALUES ("1", "454", "79.0");
INSERT INTO ReviewEp (reviewerID, episodeID, score) VALUES ("1", "455", "75.0");
INSERT INTO ReviewEp (reviewerID, episodeID, score) VALUES ("1", "456", "81.0");
INSERT INTO ReviewEp (reviewerID, episodeID, score) VALUES ("1", "457", "82.0");
INSERT INTO ReviewEp (reviewerID, episodeID, score) VALUES ("1", "458", "76.0");
INSERT INTO ReviewEp (reviewerID, episodeID, score) VALUES ("1", "459", "78.0");
INSERT INTO ReviewEp (reviewerID, episodeID, score) VALUES ("1", "460", "87.0");
INSERT INTO ReviewEp (reviewerID, episodeID, score) VALUES ("1", "461", "87.0");
INSERT INTO ReviewEp (reviewerID, episodeID, score) VALUES ("1", "462", "83.0");
INSERT INTO ReviewEp (reviewerID, episodeID, score) VALUES ("1", "463", "80");
INSERT INTO ReviewEp (reviewerID, episodeID, score) VALUES ("1", "464", "78.0");
INSERT INTO ReviewEp (reviewerID, episodeID, score) VALUES ("1", "465", "82.0");
INSERT INTO ReviewEp (reviewerID, episodeID, score) VALUES ("1", "466", "80");
INSERT INTO ReviewEp (reviewerID, episodeID, score) VALUES ("1", "467", "81.0");
INSERT INTO ReviewEp (reviewerID, episodeID, score) VALUES ("1", "468", "84.0");
INSERT INTO ReviewEp (reviewerID, episodeID, score) VALUES ("1", "469", "89.0");
INSERT INTO ReviewEp (reviewerID, episodeID, score) VALUES ("1", "470", "91.0");
INSERT INTO ReviewEp (reviewerID, episodeID, score) VALUES ("1", "471", "87.0");
INSERT INTO ReviewEp (reviewerID, episodeID, score) VALUES ("1", "472", "82.0");
INSERT INTO ReviewEp (reviewerID, episodeID, score) VALUES ("1", "473", NULL);
INSERT INTO ReviewEp (reviewerID, episodeID, score) VALUES ("1", "474", "69.0");
INSERT INTO ReviewEp (reviewerID, episodeID, score) VALUES ("1", "475", "79.0");
INSERT INTO ReviewEp (reviewerID, episodeID, score) VALUES ("1", "476", NULL);
INSERT INTO ReviewEp (reviewerID, episodeID, score) VALUES ("1", "477", "73.0");
INSERT INTO ReviewEp (reviewerID, episodeID, score) VALUES ("1", "478", "74.0");
INSERT INTO ReviewEp (reviewerID, episodeID, score) VALUES ("1", "479", NULL);
INSERT INTO ReviewEp (reviewerID, episodeID, score) VALUES ("1", "480", "85.0");
INSERT INTO ReviewEp (reviewerID, episodeID, score) VALUES ("1", "481", NULL);
INSERT INTO ReviewEp (reviewerID, episodeID, score) VALUES ("1", "482", NULL);
INSERT INTO ReviewEp (reviewerID, episodeID, score) VALUES ("1", "483", NULL);
INSERT INTO ReviewEp (reviewerID, episodeID, score) VALUES ("1", "484", NULL);
INSERT INTO ReviewEp (reviewerID, episodeID, score) VALUES ("1", "485", NULL);
INSERT INTO ReviewEp (reviewerID, episodeID, score) VALUES ("1", "486", NULL);
INSERT INTO ReviewEp (reviewerID, episodeID, score) VALUES ("1", "487", "88.0");
INSERT INTO ReviewEp (reviewerID, episodeID, score) VALUES ("1", "488", NULL);
INSERT INTO ReviewEp (reviewerID, episodeID, score) VALUES ("1", "489", NULL);
INSERT INTO ReviewEp (reviewerID, episodeID, score) VALUES ("1", "490", NULL);
INSERT INTO ReviewEp (reviewerID, episodeID, score) VALUES ("1", "491", NULL);
INSERT INTO ReviewEp (reviewerID, episodeID, score) VALUES ("1", "492", NULL);
INSERT INTO ReviewEp (reviewerID, episodeID, score) VALUES ("1", "493", NULL);
INSERT INTO ReviewEp (reviewerID, episodeID, score) VALUES ("1", "494", NULL);
INSERT INTO ReviewEp (reviewerID, episodeID, score) VALUES ("1", "495", "91.0");
INSERT INTO ReviewEp (reviewerID, episodeID, score) VALUES ("1", "496", "90");
INSERT INTO ReviewEp (reviewerID, episodeID, score, comment) VALUES ("1", "497", "98.0", "That was great!");
INSERT INTO ReviewEp (reviewerID, episodeID, score) VALUES ("1", "498", "91.0");
INSERT INTO ReviewEp (reviewerID, episodeID, score) VALUES ("1", "499", "93.0");
INSERT INTO ReviewEp (reviewerID, episodeID, score) VALUES ("1", "500", "96.0");
INSERT INTO ReviewEp (reviewerID, episodeID, score) VALUES ("1", "501", "95.0");
INSERT INTO ReviewEp (reviewerID, episodeID, score) VALUES ("1", "502", "96.0");
INSERT INTO ReviewEp (reviewerID, episodeID, score) VALUES ("1", "503", "98.0");
INSERT INTO ReviewEp (reviewerID, episodeID, score) VALUES ("1", "504", "81.0");
INSERT INTO ReviewEp (reviewerID, episodeID, score) VALUES ("1", "505", "83.0");
INSERT INTO ReviewEp (reviewerID, episodeID, score) VALUES ("1", "506", "83.0");
INSERT INTO ReviewEp (reviewerID, episodeID, score) VALUES ("1", "507", "87.0");
INSERT INTO ReviewEp (reviewerID, episodeID, score) VALUES ("1", "508", "89.0");
INSERT INTO ReviewEp (reviewerID, episodeID, score) VALUES ("1", "509", "92.0");
INSERT INTO ReviewEp (reviewerID, episodeID, score) VALUES ("1", "510", NULL);
INSERT INTO ReviewEp (reviewerID, episodeID, score) VALUES ("1", "511", "84.0");
INSERT INTO ReviewEp (reviewerID, episodeID, score) VALUES ("1", "512", "87.0");
INSERT INTO ReviewEp (reviewerID, episodeID, score) VALUES ("1", "513", NULL);
INSERT INTO ReviewEp (reviewerID, episodeID, score) VALUES ("1", "514", NULL);
INSERT INTO ReviewEp (reviewerID, episodeID, score) VALUES ("1", "515", "96.0");
INSERT INTO ReviewEp (reviewerID, episodeID, score) VALUES ("1", "516", NULL);
INSERT INTO ReviewEp (reviewerID, episodeID, score) VALUES ("1", "517", "89.0");
INSERT INTO ReviewEp (reviewerID, episodeID, score) VALUES ("1", "518", "87.0");
INSERT INTO ReviewEp (reviewerID, episodeID, score) VALUES ("1", "519", "88.0");
INSERT INTO ReviewEp (reviewerID, episodeID, score) VALUES ("1", "520", "85.0");
INSERT INTO ReviewEp (reviewerID, episodeID, score) VALUES ("1", "521", "96.0");
INSERT INTO ReviewEp (reviewerID, episodeID, score) VALUES ("1", "522", "95.0");
INSERT INTO ReviewEp (reviewerID, episodeID, score) VALUES ("1", "523", "92.0");
INSERT INTO ReviewEp (reviewerID, episodeID, score) VALUES ("1", "524", "86.0");
INSERT INTO ReviewEp (reviewerID, episodeID, score) VALUES ("1", "525", "87.0");
INSERT INTO ReviewEp (reviewerID, episodeID, score) VALUES ("1", "526", "89.0");
INSERT INTO ReviewEp (reviewerID, episodeID, score) VALUES ("1", "527", "95.0");
INSERT INTO ReviewEp (reviewerID, episodeID, score) VALUES ("1", "528", "85.0");
INSERT INTO ReviewEp (reviewerID, episodeID, score) VALUES ("1", "529", "89.0");
INSERT INTO ReviewEp (reviewerID, episodeID, score) VALUES ("1", "530", "86.0");
INSERT INTO ReviewEp (reviewerID, episodeID, score) VALUES ("1", "531", "90");
INSERT INTO ReviewEp (reviewerID, episodeID, score, comment) VALUES ("1", "532", "87.0", "Can't wait for next season");
INSERT INTO ReviewEp (reviewerID, episodeID, score) VALUES ("1", "533", NULL);
INSERT INTO ReviewEp (reviewerID, episodeID, score) VALUES ("1", "534", NULL);
INSERT INTO ReviewEp (reviewerID, episodeID, score) VALUES ("1", "535", NULL);
INSERT INTO ReviewEp (reviewerID, episodeID, score) VALUES ("1", "536", NULL);
INSERT INTO ReviewEp (reviewerID, episodeID, score) VALUES ("1", "537", NULL);
INSERT INTO ReviewEp (reviewerID, episodeID, score) VALUES ("1", "538", NULL);
INSERT INTO ReviewEp (reviewerID, episodeID, score) VALUES ("1", "539", NULL);

INSERT INTO ReviewCon (reviewerID, contentID, score) VALUES ("1", "4574334", "87.0");
INSERT INTO ReviewCon (reviewerID, contentID, score) VALUES ("1", "9140554", "84.0");
INSERT INTO ReviewCon (reviewerID, contentID, score) VALUES ("1", "0903747", "94.0");
INSERT INTO ReviewCon (reviewerID, contentID, score, comment) VALUES ("2", "0903747", "96", "I want to marry whoever made this!");
INSERT INTO ReviewCon (reviewerID, contentID, score) VALUES ("1", "0944947", "92.0");
INSERT INTO ReviewCon (reviewerID, contentID, score) VALUES ("1", "1442437", "84.0");
INSERT INTO ReviewCon (reviewerID, contentID, score) VALUES ("1", "0112159", "85.0");
INSERT INTO ReviewCon (reviewerID, contentID, score) VALUES ("1", "7335184", "77.0");
INSERT INTO ReviewCon (reviewerID, contentID, score) VALUES ("1", "0081846", "93.0");
INSERT INTO ReviewCon (reviewerID, contentID, score) VALUES ("1", "11126994", "94.0");
INSERT INTO ReviewCon (reviewerID, contentID, score) VALUES ("1", "2442560", "88.0");
INSERT INTO ReviewCon (reviewerID, contentID, score) VALUES ("1", "0245429", "86.0");
INSERT INTO ReviewCon (reviewerID, contentID, score) VALUES ("2", "0245429", "97");
INSERT INTO ReviewCon (reviewerID, contentID, score) VALUES ("3", "0245429", "96");
INSERT INTO ReviewCon (reviewerID, contentID, score, comment) VALUES ("1", "0120338", "78.0", "It's bearable :/");
INSERT INTO ReviewCon (reviewerID, contentID, score) VALUES ("2", "0120338", "89");
INSERT INTO ReviewCon (reviewerID, contentID, score) VALUES ("3", "0120338", "75");
INSERT INTO ReviewCon (reviewerID, contentID, score) VALUES ("1", "0027977", "85.0");
INSERT INTO ReviewCon (reviewerID, contentID, score, comment) VALUES ("2", "0027977", "98", "Peak Fiction");
INSERT INTO ReviewCon (reviewerID, contentID, score) VALUES ("3", "0027977", "96");
INSERT INTO ReviewCon (reviewerID, contentID, score) VALUES ("1", "7286456", "84.0");
INSERT INTO ReviewCon (reviewerID, contentID, score) VALUES ("2", "7286456", "68");
INSERT INTO ReviewCon (reviewerID, contentID, score) VALUES ("3", "7286456", "59");
INSERT INTO ReviewCon (reviewerID, contentID, score) VALUES ("1", "0133093", "87.0");
INSERT INTO ReviewCon (reviewerID, contentID, score) VALUES ("2", "0133093", "88");
INSERT INTO ReviewCon (reviewerID, contentID, score) VALUES ("3", "0133093", "73");
INSERT INTO ReviewCon (reviewerID, contentID, score) VALUES ("1", "0368226", "37.0");
INSERT INTO ReviewCon (reviewerID, contentID, score) VALUES ("2", "0368226", "24");
INSERT INTO ReviewCon (reviewerID, contentID, score, comment) VALUES ("3", "0368226", "9", "I'd rather not elaborate on my feelings about this...");
INSERT INTO ReviewCon (reviewerID, contentID, score) VALUES ("1", "6264654", "72.0");
INSERT INTO ReviewCon (reviewerID, contentID, score) VALUES ("3", "6264654", "62");
INSERT INTO ReviewCon (reviewerID, contentID, score) VALUES ("1", "0081505", "84.0");
INSERT INTO ReviewCon (reviewerID, contentID, score) VALUES ("2", "0081505", "84");
INSERT INTO ReviewCon (reviewerID, contentID, score) VALUES ("3", "0081505", "66");
INSERT INTO ReviewCon (reviewerID, contentID, score) VALUES ("1", "0068646", "92.0");
INSERT INTO ReviewCon (reviewerID, contentID, score) VALUES ("2", "0068646", "97");
INSERT INTO ReviewCon (reviewerID, contentID, score, comment) VALUES ("3", "0068646", "100", "THE BEST THING TO EVER COME OUT IN HUMAN HISTORY");

INSERT INTO ContentRoleContributor (contentID, roleID, contributorID) VALUES ("0133093", "3", "0000401");
INSERT INTO ContentRoleContributor (contentID, roleID, contributorID) VALUES ("0245429", "2", "0594503");
INSERT INTO ContentRoleContributor (contentID, roleID, contributorID) VALUES ("0245429", "1", "0594503");
INSERT INTO ContentRoleContributor (contentID, roleID, contributorID) VALUES ("0245429", "3", "0997115");
INSERT INTO ContentRoleContributor (contentID, roleID, contributorID) VALUES ("10872600", "2", "1218281");
INSERT INTO ContentRoleContributor (contentID, roleID, contributorID) VALUES ("10872600", "1", "1273099");
INSERT INTO ContentRoleContributor (contentID, roleID, contributorID) VALUES ("0944947", "3", "0227759");
INSERT INTO ContentRoleContributor (contentID, roleID, contributorID) VALUES ("0081505", "2", "0000040");
INSERT INTO ContentRoleContributor (contentID, roleID, contributorID) VALUES ("0081505", "1", "0000040");
INSERT INTO ContentRoleContributor (contentID, roleID, contributorID) VALUES ("0027977", "3", "0002104");
INSERT INTO ContentRoleContributor (contentID, roleID, contributorID) VALUES ("7286456", "3", "0001618");
INSERT INTO ContentRoleContributor (contentID, roleID, contributorID) VALUES ("9140554", "3", "1089991");
INSERT INTO ContentRoleContributor (contentID, roleID, contributorID) VALUES ("4574334", "3", "5611121");
INSERT INTO ContentRoleContributor (contentID, roleID, contributorID) VALUES ("0120338", "3", "0000708");
INSERT INTO ContentRoleContributor (contentID, roleID, contributorID) VALUES ("0903747", "3", "0186505");
INSERT INTO ContentRoleContributor (contentID, roleID, contributorID) VALUES ("0120338", "2", "0000116");
INSERT INTO ContentRoleContributor (contentID, roleID, contributorID) VALUES ("0120338", "1", "0000116");
INSERT INTO ContentRoleContributor (contentID, roleID, contributorID) VALUES ("0245429", "3", "0687189");
INSERT INTO ContentRoleContributor (contentID, roleID, contributorID) VALUES ("10872600", "1", "0498278");
INSERT INTO ContentRoleContributor (contentID, roleID, contributorID) VALUES ("0903747", "3", "0666739");
INSERT INTO ContentRoleContributor (contentID, roleID, contributorID) VALUES ("2442560", "3", "0614165");
INSERT INTO ContentRoleContributor (contentID, roleID, contributorID) VALUES ("10872600", "3", "3918035");
INSERT INTO ContentRoleContributor (contentID, roleID, contributorID) VALUES ("0081846", "1", "1581663");
INSERT INTO ContentRoleContributor (contentID, roleID, contributorID) VALUES ("10872600", "3", "1212722");
INSERT INTO ContentRoleContributor (contentID, roleID, contributorID) VALUES ("1442437", "1", "0000502");
INSERT INTO ContentRoleContributor (contentID, roleID, contributorID) VALUES ("0027977", "3", "0074788");
INSERT INTO ContentRoleContributor (contentID, roleID, contributorID) VALUES ("0120338", "3", "0000701");
INSERT INTO ContentRoleContributor (contentID, roleID, contributorID) VALUES ("0027977", "2", "0000122");
INSERT INTO ContentRoleContributor (contentID, roleID, contributorID) VALUES ("0027977", "3", "0000122");
INSERT INTO ContentRoleContributor (contentID, roleID, contributorID) VALUES ("0027977", "1", "0000122");
INSERT INTO ContentRoleContributor (contentID, roleID, contributorID) VALUES ("4574334", "3", "0000213");
INSERT INTO ContentRoleContributor (contentID, roleID, contributorID) VALUES ("7335184", "1", "0075528");
INSERT INTO ContentRoleContributor (contentID, roleID, contributorID) VALUES ("0944947", "1", "1888967");
INSERT INTO ContentRoleContributor (contentID, roleID, contributorID) VALUES ("4574334", "1", "1819973");
INSERT INTO ContentRoleContributor (contentID, roleID, contributorID) VALUES ("0133093", "2", "0905154");
INSERT INTO ContentRoleContributor (contentID, roleID, contributorID) VALUES ("0133093", "1", "0905154");
INSERT INTO ContentRoleContributor (contentID, roleID, contributorID) VALUES ("7335184", "3", "0046112");
INSERT INTO ContentRoleContributor (contentID, roleID, contributorID) VALUES ("2442560", "1", "1140275");
INSERT INTO ContentRoleContributor (contentID, roleID, contributorID) VALUES ("0112159", "3", "0370677");
INSERT INTO ContentRoleContributor (contentID, roleID, contributorID) VALUES ("0081846", "3", "0153068");
INSERT INTO ContentRoleContributor (contentID, roleID, contributorID) VALUES ("0081505", "1", "0424956");
INSERT INTO ContentRoleContributor (contentID, roleID, contributorID) VALUES ("0068646", "2", "0000338");
INSERT INTO ContentRoleContributor (contentID, roleID, contributorID) VALUES ("0068646", "1", "0000338");
INSERT INTO ContentRoleContributor (contentID, roleID, contributorID) VALUES ("6264654", "3", "0005351");
INSERT INTO ContentRoleContributor (contentID, roleID, contributorID) VALUES ("0903747", "3", "0348152");
INSERT INTO ContentRoleContributor (contentID, roleID, contributorID) VALUES ("9140554", "3", "0005562");
INSERT INTO ContentRoleContributor (contentID, roleID, contributorID) VALUES ("0133093", "2", "0905152");
INSERT INTO ContentRoleContributor (contentID, roleID, contributorID) VALUES ("0133093", "1", "0905152");
INSERT INTO ContentRoleContributor (contentID, roleID, contributorID) VALUES ("4574334", "2", "0001303");
INSERT INTO ContentRoleContributor (contentID, roleID, contributorID) VALUES ("9140554", "2", "0001303");
INSERT INTO ContentRoleContributor (contentID, roleID, contributorID) VALUES ("0903747", "2", "0001303");
INSERT INTO ContentRoleContributor (contentID, roleID, contributorID) VALUES ("0944947", "2", "0001303");
INSERT INTO ContentRoleContributor (contentID, roleID, contributorID) VALUES ("1442437", "2", "0001303");
INSERT INTO ContentRoleContributor (contentID, roleID, contributorID) VALUES ("0112159", "2", "0001303");
INSERT INTO ContentRoleContributor (contentID, roleID, contributorID) VALUES ("7335184", "2", "0001303");
INSERT INTO ContentRoleContributor (contentID, roleID, contributorID) VALUES ("0081846", "2", "0001303");
INSERT INTO ContentRoleContributor (contentID, roleID, contributorID) VALUES ("11126994", "2", "0001303");
INSERT INTO ContentRoleContributor (contentID, roleID, contributorID) VALUES ("11126994", "1", "0001303");
INSERT INTO ContentRoleContributor (contentID, roleID, contributorID) VALUES ("2442560", "2", "0001303");
INSERT INTO ContentRoleContributor (contentID, roleID, contributorID) VALUES ("11126994", "3", "1204760");
INSERT INTO ContentRoleContributor (contentID, roleID, contributorID) VALUES ("6264654", "3", "0169806");
INSERT INTO ContentRoleContributor (contentID, roleID, contributorID) VALUES ("0081846", "1", "0238668");
INSERT INTO ContentRoleContributor (contentID, roleID, contributorID) VALUES ("4574334", "3", "6016511");
INSERT INTO ContentRoleContributor (contentID, roleID, contributorID) VALUES ("7286456", "1", "0798788");
INSERT INTO ContentRoleContributor (contentID, roleID, contributorID) VALUES ("7335184", "1", "1571148");
INSERT INTO ContentRoleContributor (contentID, roleID, contributorID) VALUES ("6264654", "1", "1073238");
INSERT INTO ContentRoleContributor (contentID, roleID, contributorID) VALUES ("0944947", "3", "3229685");
INSERT INTO ContentRoleContributor (contentID, roleID, contributorID) VALUES ("0944947", "3", "3592338");
INSERT INTO ContentRoleContributor (contentID, roleID, contributorID) VALUES ("7286456", "3", "0000134");
INSERT INTO ContentRoleContributor (contentID, roleID, contributorID) VALUES ("0068646", "1", "0701374");
INSERT INTO ContentRoleContributor (contentID, roleID, contributorID) VALUES ("1442437", "1", "0506160");
INSERT INTO ContentRoleContributor (contentID, roleID, contributorID) VALUES ("7286456", "2", "0680846");
INSERT INTO ContentRoleContributor (contentID, roleID, contributorID) VALUES ("7286456", "1", "0680846");
INSERT INTO ContentRoleContributor (contentID, roleID, contributorID) VALUES ("4574334", "1", "1819972");
INSERT INTO ContentRoleContributor (contentID, roleID, contributorID) VALUES ("1442437", "3", "0100866");
INSERT INTO ContentRoleContributor (contentID, roleID, contributorID) VALUES ("0368226", "2", "1382072");
INSERT INTO ContentRoleContributor (contentID, roleID, contributorID) VALUES ("0368226", "3", "1382072");
INSERT INTO ContentRoleContributor (contentID, roleID, contributorID) VALUES ("0368226", "1", "1382072");
INSERT INTO ContentRoleContributor (contentID, roleID, contributorID) VALUES ("0903747", "1", "0319213");
INSERT INTO ContentRoleContributor (contentID, roleID, contributorID) VALUES ("2442560", "3", "0000759");
INSERT INTO ContentRoleContributor (contentID, roleID, contributorID) VALUES ("0081505", "1", "0000175");
INSERT INTO ContentRoleContributor (contentID, roleID, contributorID) VALUES ("0112159", "1", "0030417");
INSERT INTO ContentRoleContributor (contentID, roleID, contributorID) VALUES ("0081505", "3", "0001167");
INSERT INTO ContentRoleContributor (contentID, roleID, contributorID) VALUES ("0112159", "3", "0594074");
INSERT INTO ContentRoleContributor (contentID, roleID, contributorID) VALUES ("2442560", "3", "0567031");
INSERT INTO ContentRoleContributor (contentID, roleID, contributorID) VALUES ("6264654", "1", "0672015");
INSERT INTO ContentRoleContributor (contentID, roleID, contributorID) VALUES ("10872600", "3", "4043618");
INSERT INTO ContentRoleContributor (contentID, roleID, contributorID) VALUES ("0081846", "3", "0361570");
INSERT INTO ContentRoleContributor (contentID, roleID, contributorID) VALUES ("0112159", "3", "0644527");
INSERT INTO ContentRoleContributor (contentID, roleID, contributorID) VALUES ("0133093", "3", "0005251");
INSERT INTO ContentRoleContributor (contentID, roleID, contributorID) VALUES ("6264654", "3", "3069650");
INSERT INTO ContentRoleContributor (contentID, roleID, contributorID) VALUES ("9140554", "1", "5642271");
INSERT INTO ContentRoleContributor (contentID, roleID, contributorID) VALUES ("7286456", "3", "5939164");
INSERT INTO ContentRoleContributor (contentID, roleID, contributorID) VALUES ("0120338", "3", "0000138");
INSERT INTO ContentRoleContributor (contentID, roleID, contributorID) VALUES ("0368226", "3", "1382799");
INSERT INTO ContentRoleContributor (contentID, roleID, contributorID) VALUES ("0245429", "3", "0153738");
INSERT INTO ContentRoleContributor (contentID, roleID, contributorID) VALUES ("11126994", "3", "1032853");
INSERT INTO ContentRoleContributor (contentID, roleID, contributorID) VALUES ("0081846", "3", "0755981");
INSERT INTO ContentRoleContributor (contentID, roleID, contributorID) VALUES ("0081846", "1", "0755981");
INSERT INTO ContentRoleContributor (contentID, roleID, contributorID) VALUES ("7335184", "3", "6442992");
INSERT INTO ContentRoleContributor (contentID, roleID, contributorID) VALUES ("0068646", "3", "0000008");
INSERT INTO ContentRoleContributor (contentID, roleID, contributorID) VALUES ("1442437", "3", "0005527");
INSERT INTO ContentRoleContributor (contentID, roleID, contributorID) VALUES ("0068646", "3", "0000199");
INSERT INTO ContentRoleContributor (contentID, roleID, contributorID) VALUES ("1442437", "3", "0642145");
INSERT INTO ContentRoleContributor (contentID, roleID, contributorID) VALUES ("9140554", "3", "1813221");
INSERT INTO ContentRoleContributor (contentID, roleID, contributorID) VALUES ("10872600", "1", "0571344");
INSERT INTO ContentRoleContributor (contentID, roleID, contributorID) VALUES ("11126994", "3", "2794962");
INSERT INTO ContentRoleContributor (contentID, roleID, contributorID) VALUES ("0081505", "3", "0000197");
INSERT INTO ContentRoleContributor (contentID, roleID, contributorID) VALUES ("0068646", "3", "0001001");
INSERT INTO ContentRoleContributor (contentID, roleID, contributorID) VALUES ("7286456", "1", "0004170");
INSERT INTO ContentRoleContributor (contentID, roleID, contributorID) VALUES ("0368226", "3", "0802995");
INSERT INTO ContentRoleContributor (contentID, roleID, contributorID) VALUES ("0944947", "1", "1125275");
INSERT INTO ContentRoleContributor (contentID, roleID, contributorID) VALUES ("0133093", "3", "0000206");
INSERT INTO ContentRoleContributor (contentID, roleID, contributorID) VALUES ("7335184", "3", "1024107");
INSERT INTO ContentRoleContributor (contentID, roleID, contributorID) VALUES ("6264654", "2", "0506613");
INSERT INTO ContentRoleContributor (contentID, roleID, contributorID) VALUES ("0081505", "3", "0515950");